;;;;;;;;;;;;;;;;;;;;;;;;
;;;;;;;;;;;;;Histórico de Cota;;;;;;;;;;;
;;;;;;;;;;;;;;;;;;;;;;;;
;;;;;;;;;;;;;;;;;;;;;;;;
Data Emissão:;03/09/2020;;09:50:53;;;;;;;;;;;;;;;;;;1/1;;;
Período:;03/05/2000;;;à;03/09/2020;;;;;;;;;;;;;;;;;;;
;;;;;;;;;;;;;;;;;;;;;;;;
;;;;;;;;;;;;;;;;;;;;;;;;
Cliente:;459331 - FENIX FIDC NP-UNICA                     ;;;;;;;;;;;;;;;;;;;;;;;
;;;;;;;;;;;;;;;;;;;;;;;;
;;;;;;;;;;;;;;;;;;;;;;;;
Data;;Entradas;;;;Saídas;;;Patrimonio;;;;;QtdCotas;;Cota;Dia;Mês;Ano;12 Meses;;;;
12/08/2017;;0;;;;0;;;8683642,16;;;;;0,00000000;;964,8491289; - ;0.00 %;0.00 %;0.00 %;;;;
;;;;;;;;;;;;;;;;;;;;;;;;
12/11/2017;;0;;;;0;;;8639445,95;;;;;0,00000000;;959,9384389;(0.50 %);(0.50 %);(0.50 %);(0.51 %);;;;
;;;;;;;;;;;;;;;;;;;;;;;;
12/12/2017;;0;;;;0;;;8632481,27;;;;;0,00000000;;959,1645856;(0.08 %);(0.58 %);(0.58 %);(0.59 %);;;;
;;;;;;;;;;;;;;;;;;;;;;;;
12/13/2017;;0;;;;0;;;8847333,03;;;;;0,00000000;;983,0370033;2.48 %;1.88 %;1.88 %;1.89 %;;;;
;;;;;;;;;;;;;;;;;;;;;;;;
12/14/2017;;0;;;;0;;;8838968,8;;;;;0,00000000;;982,1076444;(0.09 %);1.78 %;1.78 %;1.79 %;;;;
12/15/2017;;0;;;;0;;;8829946,74;;;;;0,00000000;;981,1051933;(0.10 %);1.68 %;1.68 %;1.68 %;;;;
12/18/2017;;0;;;;0;;;8793058,29;;;;;0,00000000;;977,0064767;(0.41 %);1.26 %;1.26 %;1.26 %;;;;
;;;;;;;;;;;;;;;;;;;;;;;;
12/19/2017;;0;;;;0;;;8789584,47;;;;;0,00000000;;976,6204967;(0.03 %);1.22 %;1.22 %;1.22 %;;;;
;;;;;;;;;;;;;;;;;;;;;;;;
12/20/2017;;0;;;;0;;;8784237,88;;;;;0,00000000;;976,0264311;(0.06 %);1.15 %;1.15 %;1.16 %;;;;
;;;;;;;;;;;;;;;;;;;;;;;;
12/21/2017;;0;;;;0;;;8775474,37;;;;;0,00000000;;975,0527078;(0.09 %);1.05 %;1.05 %;1.06 %;;;;
;;;;;;;;;;;;;;;;;;;;;;;;
12/22/2017;;0;;;;0;;;8769488,01;;;;;0,00000000;;974,3875567;(0.06 %);0.98 %;0.98 %;0.99 %;;;;
;;;;;;;;;;;;;;;;;;;;;;;;
12/26/2017;;0;;;;0;;;8715991,13;;;;;0,00000000;;968,4434589;(0.61 %);0.37 %;0.37 %;0.37 %;;;;
12/27/2017;;0;;;;0;;;8711540,66;;;;;0,00000000;;967,9489622;(0.05 %);0.32 %;0.32 %;0.32 %;;;;
12/28/2017;;0;;;;0;;;8697665,51;;;;;0,00000000;;966,4072789;(0.15 %);0.16 %;0.16 %;0.16 %;;;;
;;;;;;;;;;;;;;;;;;;;;;;;
12/29/2017;;0;;;;0;;;8694150,59;;;;;0,00000000;;966,0167322;(0.04 %);0.12 %;0.12 %;0.12 %;;;;
;;;;;;;;;;;;;;;;;;;;;;;;
01/02/2018;;0;;;;0;;;8675261,17;;;;;0,00000000;;963,9179078;(0.21 %);(0.21 %);(0.21 %);(0.10 %);;;;
;;;;;;;;;;;;;;;;;;;;;;;;
01/03/2018;;0;;;;0;;;8672371,17;;;;;0,00000000;;963,5967967;(0.03 %);(0.25 %);(0.25 %);(0.13 %);;;;
;;;;;;;;;;;;;;;;;;;;;;;;
01/04/2018;;0;;;;0;;;8683823,22;;;;;0,00000000;;964,8692467;0.13 %;(0.11 %);(0.11 %);0.00 %;;;;
;;;;;;;;;;;;;;;;;;;;;;;;
01/05/2018;;0;;;;0;;;8692869,41;;;;;0,00000000;;965,8743789;0.10 %;(0.01 %);(0.01 %);0.11 %;;;;
01/08/2018;;0;;;;0;;;8690154,77;;;;;0,00000000;;965,5727522;(0.03 %);(0.04 %);(0.04 %);0.07 %;;;;
01/09/2018;;0;;;;0;;;8691119,86;;;;;0,00000000;;965,6799844;0.01 %;(0.03 %);(0.03 %);0.09 %;;;;
;;;;;;;;;;;;;;;;;;;;;;;;
01/10/2018;;0;;;;0;;;8697614,32;;;;;0,00000000;;966,4015911;0.07 %;0.03 %;0.03 %;0.16 %;;;;
;;;;;;;;;;;;;;;;;;;;;;;;
01/11/2018;;0;;;;0;;;8697278,82;;;;;0,00000000;;966,3643133;0.00 %;0.03 %;0.03 %;0.16 %;;;;
;;;;;;;;;;;;;;;;;;;;;;;;
01/12/2018;;0;;;;0;;;8697047,86;;;;;0,00000000;;966,3386511;0.00 %;0.03 %;0.03 %;0.15 %;;;;
;;;;;;;;;;;;;;;;;;;;;;;;
01/15/2018;;0;;;;0;;;8690670,91;;;;;0,00000000;;965,6301011;(0.07 %);(0.04 %);(0.04 %);0.08 %;;;;
;;;;;;;;;;;;;;;;;;;;;;;;
01/16/2018;;0;;;;0;;;8697577,47;;;;;0,00000000;;966,3974967;0.07 %;0.03 %;0.03 %;0.16 %;;;;
01/17/2018;;0;;;;0;;;8705086,45;;;;;0,00000000;;967,2318278;0.08 %;0.12 %;0.12 %;0.25 %;;;;
01/18/2018;;0;;;;0;;;8708113;;;;;0,00000000;;967,5681111;0.03 %;0.16 %;0.16 %;0.28 %;;;;
;;;;;;;;;;;;;;;;;;;;;;;;
01/19/2018;;0;;;;0;;;8734848,22;;;;;0,00000000;;970,5386911;0.30 %;0.46 %;0.46 %;0.59 %;;;;
;;;;;;;;;;;;;;;;;;;;;;;;
01/22/2018;;0;;;;0;;;8809708,97;;;;;0,00000000;;978,8565522;0.85 %;1.32 %;1.32 %;1.45 %;;;;
;;;;;;;;;;;;;;;;;;;;;;;;
01/23/2018;;0;;;;0;;;8879111,75;;;;;0,00000000;;986,5679722;0.78 %;2.12 %;2.12 %;2.25 %;;;;
;;;;;;;;;;;;;;;;;;;;;;;;
01/24/2018;;0;;;;0;;;8975974,94;;;;;0,00000000;;997,3305489;1.09 %;3.24 %;3.24 %;3.37 %;;;;
;;;;;;;;;;;;;;;;;;;;;;;;
01/25/2018;;0;;;;0;;;8980455,07;;;;;0,00000000;;997,8283411;0.04 %;3.29 %;3.29 %;3.42 %;;;;
01/26/2018;;0;;;;0;;;9006739,02;;;;;0,00000000;;1000,74878;0.29 %;3.59 %;3.59 %;3.72 %;;;;
01/29/2018;;0;;;;0;;;9003939,4;;;;;0,00000000;;1000,437711;(0.03 %);3.56 %;3.56 %;3.69 %;;;;
;;;;;;;;;;;;;;;;;;;;;;;;
01/30/2018;;0;;;;0;;;9115001,39;;;;;0,00000000;;1012,777932;1.23 %;4.84 %;4.84 %;4.97 %;;;;
;;;;;;;;;;;;;;;;;;;;;;;;
01/31/2018;;0;;;;0;;;9175705;;;;;0,00000000;;1019,522778;0.66 %;5.53 %;5.53 %;5.67 %;;;;
;;;;;;;;;;;;;;;;;;;;;;;;
02/01/2018;;0;;;;0;;;9180325,74;;;;;0,00000000;;1020,036193;0.05 %;0.05 %;5.59 %;5.72 %;;;;
;;;;;;;;;;;;;;;;;;;;;;;;
02/02/2018;;0;;;;0;;;9184312,38;;;;;0,00000000;;1020,479153;0.04 %;0.09 %;5.63 %;5.77 %;;;;
;;;;;;;;;;;;;;;;;;;;;;;;
02/05/2018;;0;;;;0;;;9175299,61;;;;;0,00000000;;1019,477734;(0.09 %);0.00 %;5.53 %;5.66 %;;;;
02/06/2018;;0;;;;0;;;9176404,21;;;;;0,00000000;;1019,600468;0.01 %;0.00 %;5.54 %;5.67 %;;;;
02/07/2018;;0;;;;0;;;9180466,48;;;;;0,00000000;;1020,051831;0.04 %;0.05 %;5.59 %;5.72 %;;;;
;;;;;;;;;;;;;;;;;;;;;;;;
02/08/2018;;0;;;;0;;;9184331,05;;;;;0,00000000;;1020,481228;0.04 %;0.09 %;5.63 %;5.77 %;;;;
;;;;;;;;;;;;;;;;;;;;;;;;
02/09/2018;;0;;;;0;;;9188053,6;;;;;0,00000000;;1020,894844;0.04 %;0.13 %;5.68 %;5.81 %;;;;
;;;;;;;;;;;;;;;;;;;;;;;;
02/14/2018;;0;;;;0;;;9158971,37;;;;;0,00000000;;1017,663486;(0.31 %);(0.18 %);5.34 %;5.47 %;;;;
;;;;;;;;;;;;;;;;;;;;;;;;
02/15/2018;;0;;;;0;;;9160330;;;;;0,00000000;;1017,814444;0.01 %;(0.16 %);5.36 %;5.49 %;;;;
;;;;;;;;;;;;;;;;;;;;;;;;
02/16/2018;;0;;;;0;;;9191925,22;;;;;0,00000000;;1021,325024;0.34 %;0.17 %;5.72 %;5.85 %;;;;
02/19/2018;;0;;;;0;;;9176535,83;;;;;0,00000000;;1019,615092;(0.16 %);0.00 %;5.54 %;5.68 %;;;;
02/20/2018;;0;;;;0;;;9174356,99;;;;;0,00000000;;1019,372999;(0.02 %);(0.01 %);5.52 %;5.65 %;;;;
;;;;;;;;;;;;;;;;;;;;;;;;
02/21/2018;;0;;;;0;;;9178954,27;;;;;0,00000000;;1019,883808;0.05 %;0.03 %;5.57 %;5.70 %;;;;
;;;;;;;;;;;;;;;;;;;;;;;;
02/22/2018;;0;;;;0;;;9180399,32;;;;;0,00000000;;1020,044369;0.01 %;0.05 %;5.59 %;5.72 %;;;;
;;;;;;;;;;;;;;;;;;;;;;;;
02/23/2018;;0;;;;0;;;9182326,96;;;;;0,00000000;;1020,258551;0.02 %;0.07 %;5.61 %;5.74 %;;;;
;;;;;;;;;;;;;;;;;;;;;;;;
02/26/2018;;0;;;;0;;;9147095;;;;;0,00000000;;1016,343889;(0.38 %);(0.31 %);5.20 %;5.34 %;;;;
;;;;;;;;;;;;;;;;;;;;;;;;
02/27/2018;;0;;;;0;;;9147550,89;;;;;0,00000000;;1016,394543;0.00 %;(0.30 %);5.21 %;5.34 %;;;;
02/28/2018;;0;;;;0;;;9138176,49;;;;;0,00000000;;1015,352943;(0.10 %);(0.40 %);5.10 %;5.23 %;;;;
03/01/2018;;0;;;;0;;;9132907,78;;;;;0,00000000;;1014,767531;(0.05 %);(0.05 %);5.04 %;5.17 %;;;;
;;;;;;;;;;;;;;;;;;;;;;;;
03/02/2018;;0;;;;0;;;9129087,95;;;;;0,00000000;;1014,343106;(0.04 %);(0.09 %);5.00 %;5.13 %;;;;
;;;;;;;;;;;;;;;;;;;;;;;;
03/05/2018;;0;;;;0;;;9184003,33;;;;;0,00000000;;1020,444814;0.60 %;0.50 %;5.63 %;5.76 %;;;;
;;;;;;;;;;;;;;;;;;;;;;;;
03/06/2018;;0;;;;0;;;9187024,03;;;;;0,00000000;;1020,780448;0.03 %;0.53 %;5.66 %;5.80 %;;;;
;;;;;;;;;;;;;;;;;;;;;;;;
03/07/2018;;0;;;;0;;;9190876,9;;;;;0,00000000;;1021,208544;0.04 %;0.57 %;5.71 %;5.84 %;;;;
;;;;;;;;;;;;;;;;;;;;;;;;
03/08/2018;;0;;;;0;;;9214056;;;;;0,00000000;;1023,784;0.25 %;0.83 %;5.97 %;6.11 %;;;;
03/09/2018;;0;;;;0;;;9216783,19;;;;;0,00000000;;1024,087021;0.02 %;0.86 %;6.01 %;6.14 %;;;;
03/12/2018;;0;;;;0;;;9207486,26;;;;;0,00000000;;1023,054029;(0.10 %);0.75 %;5.90 %;6.03 %;;;;
;;;;;;;;;;;;;;;;;;;;;;;;
03/13/2018;;0;;;;0;;;9215193,97;;;;;0,00000000;;1023,910441;0.08 %;0.84 %;5.99 %;6.12 %;;;;
;;;;;;;;;;;;;;;;;;;;;;;;
03/14/2018;;0;;;;0;;;9216730,1;;;;;0,00000000;;1024,081122;0.01 %;0.85 %;6.01 %;6.14 %;;;;
;;;;;;;;;;;;;;;;;;;;;;;;
03/15/2018;;0;;;;0;;;9224636,85;;;;;0,00000000;;1024,95965;0.08 %;0.94 %;6.10 %;6.23 %;;;;
;;;;;;;;;;;;;;;;;;;;;;;;
03/16/2018;;0;;;;0;;;9232535,85;;;;;0,00000000;;1025,837317;0.08 %;1.03 %;6.19 %;6.32 %;;;;
;;;;;;;;;;;;;;;;;;;;;;;;
03/19/2018;;0;;;;0;;;9238094,41;;;;;0,00000000;;1026,454934;0.06 %;1.09 %;6.25 %;6.39 %;;;;
03/20/2018;;0;;;;0;;;9444826,58;;;;;0,00000000;;1049,425176;2.23 %;3.35 %;8.63 %;8.77 %;;;;
03/21/2018;;0;;;;0;;;9467497,64;;;;;0,00000000;;1051,944182;0.24 %;3.60 %;8.89 %;9.03 %;;;;
;;;;;;;;;;;;;;;;;;;;;;;;
03/22/2018;;0;;;;0;;;9476410,17;;;;;0,00000000;;1052,934463;0.09 %;3.70 %;8.99 %;9.13 %;;;;
;;;;;;;;;;;;;;;;;;;;;;;;
03/23/2018;;0;;;;0;;;9485579,32;;;;;0,00000000;;1053,953258;0.09 %;3.80 %;9.10 %;9.24 %;;;;
;;;;;;;;;;;;;;;;;;;;;;;;
03/26/2018;;0;;;;0;;;9491072,37;;;;;0,00000000;;1054,563597;0.05 %;3.86 %;9.16 %;9.30 %;;;;
;;;;;;;;;;;;;;;;;;;;;;;;
03/27/2018;;0;;;;0;;;9501736,81;;;;;0,00000000;;1055,748534;0.11 %;3.97 %;9.28 %;9.42 %;;;;
;;;;;;;;;;;;;;;;;;;;;;;;
03/28/2018;;0;;;;0;;;9514757,91;;;;;0,00000000;;1057,195323;0.13 %;4.12 %;9.43 %;9.57 %;;;;
03/29/2018;;0;;;;0;;;9532336,2;;;;;0,00000000;;1059,148467;0.18 %;4.31 %;9.64 %;9.77 %;;;;
04/02/2018;;0;;;;0;;;9544392,78;;;;;0,00000000;;1060,488087;0.12 %;0.12 %;9.77 %;9.91 %;;;;
;;;;;;;;;;;;;;;;;;;;;;;;
04/03/2018;;0;;;;0;;;9554749,53;;;;;0,00000000;;1061,638837;0.10 %;0.23 %;9.89 %;10.03 %;;;;
;;;;;;;;;;;;;;;;;;;;;;;;
04/04/2018;;0;;;;0;;;9564142,33;;;;;0,00000000;;1062,682481;0.09 %;0.33 %;10.00 %;10.14 %;;;;
;;;;;;;;;;;;;;;;;;;;;;;;
04/05/2018;;0;;;;0;;;9572103,05;;;;;0,00000000;;1063,567006;0.08 %;0.41 %;10.09 %;10.23 %;;;;
;;;;;;;;;;;;;;;;;;;;;;;;
04/06/2018;;0;;;;0;;;9581625,66;;;;;0,00000000;;1064,625073;0.09 %;0.51 %;10.20 %;10.34 %;;;;
;;;;;;;;;;;;;;;;;;;;;;;;
04/09/2018;;0;;;;0;;;9579141,59;;;;;0,00000000;;1064,349066;(0.02 %);0.49 %;10.17 %;10.31 %;;;;
04/10/2018;;0;;;;0;;;9583835,92;;;;;0,00000000;;1064,870658;0.04 %;0.54 %;10.23 %;10.37 %;;;;
04/11/2018;;0;;;;0;;;9597000,75;;;;;0,00000000;;1066,333417;0.13 %;0.67 %;10.38 %;10.52 %;;;;
;;;;;;;;;;;;;;;;;;;;;;;;
04/12/2018;;0;;;;0;;;9599713,79;;;;;0,00000000;;1066,634866;0.02 %;0.70 %;10.41 %;10.55 %;;;;
;;;;;;;;;;;;;;;;;;;;;;;;
04/13/2018;;0;;;;0;;;9603906,16;;;;;0,00000000;;1067,100684;0.04 %;0.75 %;10.46 %;10.60 %;;;;
;;;;;;;;;;;;;;;;;;;;;;;;
04/16/2018;;0;;;;0;;;9588330,89;;;;;0,00000000;;1065,370099;(0.16 %);0.58 %;10.28 %;10.42 %;;;;
;;;;;;;;;;;;;;;;;;;;;;;;
04/17/2018;;0;;;;0;;;11430737,29;;;;;0,00000000;;1270,081921;19.21 %;19.91 %;31.47 %;31.64 %;;;;
;;;;;;;;;;;;;;;;;;;;;;;;
04/18/2018;;0;;;;0;;;11508998,73;;;;;0,00000000;;1278,777637;0.68 %;20.73 %;32.37 %;32.54 %;;;;
04/19/2018;;0;;;;0;;;11538625,19;;;;;0,00000000;;1282,069466;0.25 %;21.04 %;32.71 %;32.88 %;;;;
04/20/2018;;0;;;;0;;;11545931,03;;;;;0,00000000;;1282,881226;0.06 %;21.12 %;32.80 %;32.96 %;;;;
;;;;;;;;;;;;;;;;;;;;;;;;
04/23/2018;;0;;;;0;;;11542869,41;;;;;0,00000000;;1282,541046;(0.02 %);21.09 %;32.76 %;32.93 %;;;;
;;;;;;;;;;;;;;;;;;;;;;;;
04/24/2018;;0;;;;0;;;11547877,75;;;;;0,00000000;;1283,097528;0.04 %;21.14 %;32.82 %;32.98 %;;;;
;;;;;;;;;;;;;;;;;;;;;;;;
04/25/2018;;0;;;;0;;;11546515,67;;;;;0,00000000;;1282,946186;(0.01 %);21.12 %;32.80 %;32.97 %;;;;
;;;;;;;;;;;;;;;;;;;;;;;;
04/26/2018;;0;;;;0;;;11418716,48;;;;;0,00000000;;1268,746276;(1.10 %);19.78 %;31.33 %;31.50 %;;;;
;;;;;;;;;;;;;;;;;;;;;;;;
04/27/2018;;0;;;;0;;;11427463,33;;;;;0,00000000;;1269,718148;0.07 %;19.88 %;31.43 %;31.60 %;;;;
;;;;;;;;;;;;;;;;;;;;;;;;
04/30/2018;;0;;;;0;;;11419569,81;;;;;0,00000000;;1268,84109;(0.06 %);19.79 %;31.34 %;31.51 %;;;;
05/02/2018;;0;;;;0;;;11423861,28;;;;;0,00000000;;1269,31792;0.03 %;0.03 %;31.39 %;31.56 %;;;;
;;;;;;;;;;;;;;;;;;;;;;;;
05/03/2018;;0;;;;0;;;11424202,34;;;;;0,00000000;;1269,355816;0.00 %;0.04 %;31.40 %;31.56 %;;;;
;;;;;;;;;;;;;;;;;;;;;;;;
05/04/2018;;0;;;;0;;;11423366,9;;;;;0,00000000;;1269,262989;0.00 %;0.03 %;31.39 %;31.55 %;;;;
;;;;;;;;;;;;;;;;;;;;;;;;
05/07/2018;;0;;;;0;;;11406066,84;;;;;0,00000000;;1267,34076;(0.15 %);(0.11 %);31.19 %;31.35 %;;;;
;;;;;;;;;;;;;;;;;;;;;;;;
05/08/2018;;0;;;;0;;;11404546,87;;;;;0,00000000;;1267,171874;(0.01 %);(0.13 %);31.17 %;31.33 %;;;;
;;;;;;;;;;;;;;;;;;;;;;;;
05/09/2018;;0;;;;0;;;11404686,21;;;;;0,00000000;;1267,187357;0.00 %;(0.13 %);31.17 %;31.34 %;;;;
;;;;;;;;;;;;;;;;;;;;;;;;
05/10/2018;;0;;;;0;;;11380356,35;;;;;0,00000000;;1264,484039;(0.21 %);(0.34 %);30.89 %;31.06 %;;;;
05/11/2018;;0;;;;0;;;11547043,77;;;;;0,00000000;;1283,004863;1.46 %;1.11 %;32.81 %;32.97 %;;;;
;;;;;;;;;;;;;;;;;;;;;;;;
05/14/2018;;0;;;;0;;;11546906,85;;;;;0,00000000;;1282,98965;0.00 %;1.11 %;32.81 %;32.97 %;;;;
;;;;;;;;;;;;;;;;;;;;;;;;
05/15/2018;;0;;;;0;;;11555501,82;;;;;0,00000000;;1283,944647;0.07 %;1.19 %;32.91 %;33.07 %;;;;
;;;;;;;;;;;;;;;;;;;;;;;;
05/16/2018;;0;;;;0;;;11560424,57;;;;;0,00000000;;1284,491619;0.04 %;1.23 %;32.96 %;33.13 %;;;;
;;;;;;;;;;;;;;;;;;;;;;;;
05/17/2018;;0;;;;0;;;11557806,56;;;;;0,00000000;;1284,200729;(0.02 %);1.21 %;32.93 %;33.10 %;;;;
;;;;;;;;;;;;;;;;;;;;;;;;
05/18/2018;;0;;;;0;;;11560003,75;;;;;0,00000000;;1284,444861;0.01 %;1.22 %;32.96 %;33.12 %;;;;
;;;;;;;;;;;;;;;;;;;;;;;;
05/21/2018;;0;;;;0;;;11537060,78;;;;;0,00000000;;1281,895642;(0.19 %);1.02 %;32.69 %;32.86 %;;;;
05/22/2018;;0;;;;0;;;11535259,48;;;;;0,00000000;;1281,695498;(0.01 %);1.01 %;32.67 %;32.84 %;;;;
;;;;;;;;;;;;;;;;;;;;;;;;
05/23/2018;;0;;;;0;;;11529117,75;;;;;0,00000000;;1281,013083;(0.05 %);0.95 %;32.60 %;32.77 %;;;;
;;;;;;;;;;;;;;;;;;;;;;;;
05/24/2018;;0;;;;0;;;11519415,99;;;;;0,00000000;;1279,93511;(0.08 %);0.87 %;32.49 %;32.66 %;;;;
;;;;;;;;;;;;;;;;;;;;;;;;
05/25/2018;;0;;;;0;;;11515832,24;;;;;0,00000000;;1279,536916;(0.03 %);0.84 %;32.45 %;32.62 %;;;;
;;;;;;;;;;;;;;;;;;;;;;;;
05/28/2018;;0;;;;0;;;11492919,66;;;;;0,00000000;;1276,991073;(0.19 %);0.64 %;32.19 %;32.35 %;;;;
;;;;;;;;;;;;;;;;;;;;;;;;
05/29/2018;;0;;;;0;;;11485786,06;;;;;0,00000000;;1276,198451;(0.06 %);0.57 %;32.10 %;32.27 %;;;;
;;;;;;;;;;;;;;;;;;;;;;;;
05/30/2018;;0;;;;0;;;11483924,28;;;;;0,00000000;;1275,991587;(0.01 %);0.56 %;32.08 %;32.25 %;;;;
06/01/2018;;0;;;;0;;;11456438,43;;;;;0,00000000;;1272,937603;(0.23 %);(0.23 %);31.77 %;31.93 %;;;;
;;;;;;;;;;;;;;;;;;;;;;;;
06/04/2018;;0;;;;0;;;11426720,49;;;;;0,00000000;;1269,63561;(0.25 %);(0.49 %);31.42 %;31.59 %;;;;
;;;;;;;;;;;;;;;;;;;;;;;;
06/05/2018;;0;;;;0;;;11418153,07;;;;;0,00000000;;1268,683674;(0.07 %);(0.57 %);31.33 %;31.49 %;;;;
;;;;;;;;;;;;;;;;;;;;;;;;
06/06/2018;;0;;;;0;;;11517643,32;;;;;0,00000000;;1279,738147;0.87 %;0.29 %;32.47 %;32.64 %;;;;
;;;;;;;;;;;;;;;;;;;;;;;;
06/07/2018;;0;;;;0;;;11512965,9;;;;;0,00000000;;1279,218433;(0.04 %);0.25 %;32.42 %;32.58 %;;;;
;;;;;;;;;;;;;;;;;;;;;;;;
06/08/2018;;0;;;;0;;;11609174,5;;;;;0,00000000;;1289,908278;0.83 %;1.09 %;33.52 %;33.69 %;;;;
;;;;;;;;;;;;;;;;;;;;;;;;
06/11/2018;;0;;;;0;;;11592226,56;;;;;0,00000000;;1288,025173;(0.14 %);0.94 %;33.33 %;33.49 %;;;;
06/12/2018;;0;;;;0;;;11588319,47;;;;;0,00000000;;1287,591052;(0.03 %);0.90 %;33.28 %;33.45 %;;;;
;;;;;;;;;;;;;;;;;;;;;;;;
06/13/2018;;0;;;;0;;;11643169,47;;;;;0,00000000;;1293,685497;0.47 %;1.38 %;33.91 %;34.08 %;;;;
;;;;;;;;;;;;;;;;;;;;;;;;
06/14/2018;;0;;;;0;;;11642282,51;;;;;0,00000000;;1293,586946;0.00 %;1.37 %;33.90 %;34.07 %;;;;
;;;;;;;;;;;;;;;;;;;;;;;;
06/15/2018;;0;;;;0;;;11641457,62;;;;;0,00000000;;1293,495291;0.00 %;1.37 %;33.89 %;34.06 %;;;;
;;;;;;;;;;;;;;;;;;;;;;;;
06/18/2018;;0;;;;0;;;11613115,42;;;;;0,00000000;;1290,346158;(0.24 %);1.12 %;33.57 %;33.74 %;;;;
;;;;;;;;;;;;;;;;;;;;;;;;
06/19/2018;;0;;;;0;;;11610463,73;;;;;0,00000000;;1290,051526;(0.02 %);1.10 %;33.54 %;33.70 %;;;;
;;;;;;;;;;;;;;;;;;;;;;;;
06/20/2018;;0;;;;0;;;11701645,64;;;;;0,00000000;;1300,182849;0.78 %;1.89 %;34.59 %;34.76 %;;;;
06/21/2018;;0;;;;0;;;11686671,64;;;;;0,00000000;;1298,519071;(0.12 %);1.76 %;34.41 %;34.58 %;;;;
06/22/2018;;0;;;;0;;;11684843,65;;;;;0,00000000;;1298,315961;(0.01 %);1.74 %;34.39 %;34.56 %;;;;
;;;;;;;;;;;;;;;;;;;;;;;;
06/25/2018;;0;;;;0;;;11669929,69;;;;;0,00000000;;1296,658854;(0.12 %);1.61 %;34.22 %;34.39 %;;;;
;;;;;;;;;;;;;;;;;;;;;;;;
06/26/2018;;0;;;;0;;;11691274,18;;;;;0,00000000;;1299,030464;0.18 %;1.80 %;34.47 %;34.64 %;;;;
;;;;;;;;;;;;;;;;;;;;;;;;
06/27/2018;;0;;;;0;;;11698903,03;;;;;0,00000000;;1299,878114;0.06 %;1.87 %;34.56 %;34.72 %;;;;
;;;;;;;;;;;;;;;;;;;;;;;;
06/28/2018;;0;;;;0;;;11716198,78;;;;;0,00000000;;1301,799864;0.14 %;2.02 %;34.75 %;34.92 %;;;;
;;;;;;;;;;;;;;;;;;;;;;;;
06/29/2018;;0;;;;0;;;11744114,39;;;;;0,00000000;;1304,901599;0.23 %;2.26 %;35.08 %;35.24 %;;;;
07/02/2018;;0;;;;0;;;11723310,62;;;;;0,00000000;;1302,590069;(0.17 %);(0.17 %);34.84 %;35.00 %;;;;
07/03/2018;;0;;;;0;;;11728077,08;;;;;0,00000000;;1303,119676;0.04 %;(0.13 %);34.89 %;35.06 %;;;;
;;;;;;;;;;;;;;;;;;;;;;;;
07/04/2018;;0;;;;0;;;11725309,66;;;;;0,00000000;;1302,812184;(0.02 %);(0.16 %);34.86 %;35.03 %;;;;
;;;;;;;;;;;;;;;;;;;;;;;;
07/05/2018;;0;;;;0;;;11730091,13;;;;;0,00000000;;1303,343459;0.04 %;(0.11 %);34.91 %;35.08 %;;;;
;;;;;;;;;;;;;;;;;;;;;;;;
07/06/2018;;0;;;;0;;;11723526,99;;;;;0,00000000;;1302,61411;(0.05 %);(0.17 %);34.84 %;35.01 %;;;;
;;;;;;;;;;;;;;;;;;;;;;;;
07/09/2018;;0;;;;0;;;11687976,05;;;;;0,00000000;;1298,664006;(0.30 %);(0.47 %);34.43 %;34.60 %;;;;
;;;;;;;;;;;;;;;;;;;;;;;;
07/10/2018;;0;;;;0;;;11691669,34;;;;;0,00000000;;1299,074371;0.03 %;(0.44 %);34.47 %;34.64 %;;;;
07/11/2018;;0;;;;0;;;11684022,79;;;;;0,00000000;;1298,224754;(0.06 %);(0.51 %);34.38 %;34.55 %;;;;
07/12/2018;;0;;;;0;;;11696927,01;;;;;0,00000000;;1299,658557;0.11 %;(0.40 %);34.53 %;34.70 %;;;;
;;;;;;;;;;;;;;;;;;;;;;;;
07/13/2018;;0;;;;0;;;11707664,37;;;;;0,00000000;;1300,851597;0.09 %;(0.31 %);34.66 %;34.82 %;;;;
;;;;;;;;;;;;;;;;;;;;;;;;
07/16/2018;;0;;;;0;;;11688003,1;;;;;0,00000000;;1298,667011;(0.16 %);(0.47 %);34.43 %;34.60 %;;;;
;;;;;;;;;;;;;;;;;;;;;;;;
07/17/2018;;0;;;;0;;;11696258,17;;;;;0,00000000;;1299,584241;0.07 %;(0.40 %);34.53 %;34.69 %;;;;
;;;;;;;;;;;;;;;;;;;;;;;;
07/18/2018;;0;;;;0;;;11696397,86;;;;;0,00000000;;1299,599762;0.00 %;(0.40 %);34.53 %;34.69 %;;;;
;;;;;;;;;;;;;;;;;;;;;;;;
07/19/2018;;0;;;;0;;;11690169,33;;;;;0,00000000;;1298,907703;(0.05 %);(0.45 %);34.46 %;34.62 %;;;;
07/20/2018;;0;;;;0;;;11686076,36;;;;;0,00000000;;1298,452929;(0.03 %);(0.49 %);34.41 %;34.58 %;;;;
07/23/2018;;0;;;;0;;;11652985,43;;;;;0,00000000;;1294,776159;(0.28 %);(0.77 %);34.03 %;34.19 %;;;;
;;;;;;;;;;;;;;;;;;;;;;;;
07/24/2018;;0;;;;0;;;11658083,34;;;;;0,00000000;;1295,342593;0.04 %;(0.73 %);34.09 %;34.25 %;;;;
;;;;;;;;;;;;;;;;;;;;;;;;
07/25/2018;;0;;;;0;;;11659231,45;;;;;0,00000000;;1295,470161;0.00 %;(0.72 %);34.10 %;34.27 %;;;;
;;;;;;;;;;;;;;;;;;;;;;;;
07/26/2018;;0;;;;0;;;11654720,64;;;;;0,00000000;;1294,96896;(0.03 %);(0.76 %);34.05 %;34.21 %;;;;
;;;;;;;;;;;;;;;;;;;;;;;;
07/27/2018;;0;;;;0;;;11692888,45;;;;;0,00000000;;1299,209828;0.32 %;(0.43 %);34.49 %;34.65 %;;;;
;;;;;;;;;;;;;;;;;;;;;;;;
07/30/2018;;0;;;;0;;;11740306,85;;;;;0,00000000;;1304,478539;0.40 %;(0.03 %);35.03 %;35.20 %;;;;
07/31/2018;;0;;;;0;;;11742859,81;;;;;0,00000000;;1304,762201;0.02 %;(0.01 %);35.06 %;35.23 %;;;;
08/01/2018;;0;;;;0;;;11740791,62;;;;;0,00000000;;1304,532402;(0.01 %);(0.01 %);35.04 %;35.21 %;;;;
;;;;;;;;;;;;;;;;;;;;;;;;
08/02/2018;;0;;;;0;;;11799179,54;;;;;0,00000000;;1311,019949;0.49 %;0.47 %;35.71 %;35.88 %;;;;
;;;;;;;;;;;;;;;;;;;;;;;;
08/03/2018;;0;;;;0;;;11857546,34;;;;;0,00000000;;1317,505149;0.49 %;0.97 %;36.38 %;36.55 %;;;;
;;;;;;;;;;;;;;;;;;;;;;;;
08/06/2018;;0;;;;0;;;11838587,81;;;;;0,00000000;;1315,398646;(0.15 %);0.81 %;36.16 %;36.33 %;;;;
;;;;;;;;;;;;;;;;;;;;;;;;
08/07/2018;;0;;;;0;;;11840096,67;;;;;0,00000000;;1315,566297;0.01 %;0.82 %;36.18 %;36.35 %;;;;
;;;;;;;;;;;;;;;;;;;;;;;;
08/08/2018;;0;;;;0;;;11835816,8;;;;;0,00000000;;1315,090756;(0.03 %);0.79 %;36.13 %;36.30 %;;;;
08/09/2018;;0;;;;0;;;11836811,36;;;;;0,00000000;;1315,201262;0.00 %;0.80 %;36.14 %;36.31 %;;;;
08/10/2018;;0;;;;0;;;11836466,97;;;;;0,00000000;;1315,162997;0.00 %;0.79 %;36.14 %;36.31 %;;;;
;;;;;;;;;;;;;;;;;;;;;;;;
08/13/2018;;0;;;;0;;;11818136,31;;;;;0,00000000;;1313,126257;(0.15 %);0.64 %;35.93 %;36.10 %;;;;
;;;;;;;;;;;;;;;;;;;;;;;;
08/14/2018;;0;;;;0;;;11850070,75;;;;;0,00000000;;1316,674528;0.27 %;0.91 %;36.29 %;36.46 %;;;;
;;;;;;;;;;;;;;;;;;;;;;;;
08/15/2018;;0;;;;0;;;11854269,45;;;;;0,00000000;;1317,14105;0.03 %;0.94 %;36.34 %;36.51 %;;;;
;;;;;;;;;;;;;;;;;;;;;;;;
08/16/2018;;0;;;;0;;;11856495,04;;;;;0,00000000;;1317,388338;0.01 %;0.96 %;36.37 %;36.54 %;;;;
;;;;;;;;;;;;;;;;;;;;;;;;
08/17/2018;;0;;;;0;;;11853342,67;;;;;0,00000000;;1317,038074;(0.02 %);0.94 %;36.33 %;36.50 %;;;;
08/20/2018;;0;;;;0;;;11839961,12;;;;;0,00000000;;1315,551236;(0.11 %);0.82 %;36.18 %;36.35 %;;;;
08/21/2018;;0;;;;0;;;11858518,28;;;;;0,00000000;;1317,613142;0.15 %;0.98 %;36.39 %;36.56 %;;;;
;;;;;;;;;;;;;;;;;;;;;;;;
08/23/2018;;0;;;;0;;;11881297,25;;;;;0,00000000;;1320,144139; - ;1.17 %;36.65 %;36.82 %;;;;
;;;;;;;;;;;;;;;;;;;;;;;;
08/24/2018;;0;;;;0;;;11875278,03;;;;;0,00000000;;1319,475337;(0.05 %);1.12 %;36.58 %;36.75 %;;;;
;;;;;;;;;;;;;;;;;;;;;;;;
08/27/2018;;0;;;;0;;;11854923,27;;;;;0,00000000;;1317,213697;(0.17 %);0.95 %;36.35 %;36.52 %;;;;
;;;;;;;;;;;;;;;;;;;;;;;;
08/28/2018;;0;;;;0;;;11850668,68;;;;;0,00000000;;1316,740964;(0.03 %);0.91 %;36.30 %;36.47 %;;;;
;;;;;;;;;;;;;;;;;;;;;;;;
08/29/2018;;0;;;;0;;;11852812,88;;;;;0,00000000;;1316,979209;0.01 %;0.93 %;36.33 %;36.50 %;;;;
08/30/2018;;0;;;;0;;;11839854,15;;;;;0,00000000;;1315,53935;(0.10 %);0.82 %;36.18 %;36.35 %;;;;
08/31/2018;;0;;;;0;;;11838963,68;;;;;0,00000000;;1315,440409;0.00 %;0.81 %;36.17 %;36.34 %;;;;
;;;;;;;;;;;;;;;;;;;;;;;;
09/03/2018;;0;;;;0;;;11801365,55;;;;;0,00000000;;1311,262839;(0.31 %);(0.31 %);35.73 %;35.90 %;;;;
;;;;;;;;;;;;;;;;;;;;;;;;
09/04/2018;;0;;;;0;;;11823365,64;;;;;0,00000000;;1313,707293;0.18 %;(0.13 %);35.99 %;36.16 %;;;;
;;;;;;;;;;;;;;;;;;;;;;;;
09/05/2018;;0;;;;0;;;11827746,85;;;;;0,00000000;;1314,194094;0.03 %;(0.09 %);36.04 %;36.21 %;;;;
;;;;;;;;;;;;;;;;;;;;;;;;
09/06/2018;;0;;;;0;;;11848935,37;;;;;0,00000000;;1316,548374;0.17 %;0.08 %;36.28 %;36.45 %;;;;
;;;;;;;;;;;;;;;;;;;;;;;;
09/10/2018;;0;;;;0;;;11854017,84;;;;;0,00000000;;1317,113093;0.04 %;0.12 %;36.34 %;36.51 %;;;;
09/11/2018;;0;;;;0;;;11849007,79;;;;;0,00000000;;1316,556421;(0.04 %);0.08 %;36.28 %;36.45 %;;;;
09/12/2018;;0;;;;0;;;11831984,79;;;;;0,00000000;;1314,664977;(0.14 %);(0.05 %);36.09 %;36.26 %;;;;
;;;;;;;;;;;;;;;;;;;;;;;;
09/13/2018;;0;;;;0;;;11851898,72;;;;;0,00000000;;1316,877636;0.16 %;0.10 %;36.32 %;36.49 %;;;;
;;;;;;;;;;;;;;;;;;;;;;;;
09/14/2018;;0;;;;0;;;11853109,81;;;;;0,00000000;;1317,012201;0.01 %;0.11 %;36.33 %;36.50 %;;;;
;;;;;;;;;;;;;;;;;;;;;;;;
09/17/2018;;0;;;;0;;;11917589,51;;;;;0,00000000;;1324,176612;0.54 %;0.66 %;37.07 %;37.24 %;;;;
;;;;;;;;;;;;;;;;;;;;;;;;
09/18/2018;;0;;;;0;;;11931077,15;;;;;0,00000000;;1325,675239;0.11 %;0.77 %;37.23 %;37.40 %;;;;
;;;;;;;;;;;;;;;;;;;;;;;;
09/19/2018;;0;;;;0;;;11959798,1;;;;;0,00000000;;1328,866456;0.24 %;1.02 %;37.56 %;37.73 %;;;;
09/20/2018;;0;;;;0;;;11955243,99;;;;;0,00000000;;1328,360443;(0.03 %);0.98 %;37.50 %;37.68 %;;;;
09/21/2018;;0;;;;0;;;11959980,32;;;;;0,00000000;;1328,886702;0.03 %;1.02 %;37.56 %;37.73 %;;;;
;;;;;;;;;;;;;;;;;;;;;;;;
09/24/2018;;0;;;;0;;;11937507,33;;;;;0,00000000;;1326,389703;(0.18 %);0.83 %;37.30 %;37.47 %;;;;
;;;;;;;;;;;;;;;;;;;;;;;;
09/25/2018;;0;;;;0;;;11963909,14;;;;;0,00000000;;1329,323238;0.22 %;1.05 %;37.60 %;37.78 %;;;;
;;;;;;;;;;;;;;;;;;;;;;;;
09/26/2018;;0;;;;0;;;11963898,64;;;;;0,00000000;;1329,322071;0.00 %;1.05 %;37.60 %;37.78 %;;;;
;;;;;;;;;;;;;;;;;;;;;;;;
09/27/2018;;0;;;;0;;;12616895,81;;;;;0,00000000;;1401,877312;5.45 %;6.57 %;45.11 %;45.29 %;;;;
;;;;;;;;;;;;;;;;;;;;;;;;
09/28/2018;;0;;;;0;;;12641181,39;;;;;0,00000000;;1404,57571;0.19 %;6.77 %;45.39 %;45.57 %;;;;
10/01/2018;;0;;;;0;;;12620567,33;;;;;0,00000000;;1402,285259;(0.16 %);(0.16 %);45.16 %;45.34 %;;;;
10/02/2018;;0;;;;0;;;12622966,4;;;;;0,00000000;;1402,551822;0.01 %;(0.14 %);45.18 %;45.36 %;;;;
;;;;;;;;;;;;;;;;;;;;;;;;
10/03/2018;;0;;;;0;;;12627243,16;;;;;0,00000000;;1403,027018;0.03 %;(0.11 %);45.23 %;45.41 %;;;;
;;;;;;;;;;;;;;;;;;;;;;;;
10/04/2018;;0;;;;0;;;12636026,01;;;;;0,00000000;;1404,00289;0.06 %;(0.04 %);45.33 %;45.52 %;;;;
;;;;;;;;;;;;;;;;;;;;;;;;
10/05/2018;;0;;;;0;;;12639811,28;;;;;0,00000000;;1404,423476;0.02 %;(0.01 %);45.38 %;45.56 %;;;;
;;;;;;;;;;;;;;;;;;;;;;;;
10/08/2018;;0;;;;0;;;12619278,52;;;;;0,00000000;;1402,142058;(0.16 %);(0.17 %);45.14 %;45.32 %;;;;
;;;;;;;;;;;;;;;;;;;;;;;;
10/09/2018;;0;;;;0;;;12630833,95;;;;;0,00000000;;1403,425994;0.09 %;(0.08 %);45.27 %;45.46 %;;;;
10/10/2018;;0;;;;0;;;12628846,6;;;;;0,00000000;;1403,205178;(0.01 %);(0.09 %);45.25 %;45.43 %;;;;
10/11/2018;;0;;;;0;;;12625203,08;;;;;0,00000000;;1402,800342;(0.02 %);(0.12 %);45.21 %;45.39 %;;;;
;;;;;;;;;;;;;;;;;;;;;;;;
10/15/2018;;0;;;;0;;;12578384,63;;;;;0,00000000;;1397,598292;(0.37 %);(0.49 %);44.67 %;44.85 %;;;;
;;;;;;;;;;;;;;;;;;;;;;;;
10/16/2018;;0;;;;0;;;12587555,23;;;;;0,00000000;;1398,617248;0.07 %;(0.42 %);44.78 %;44.96 %;;;;
;;;;;;;;;;;;;;;;;;;;;;;;
10/17/2018;;0;;;;0;;;12579192,6;;;;;0,00000000;;1397,688067;(0.06 %);(0.49 %);44.68 %;44.86 %;;;;
;;;;;;;;;;;;;;;;;;;;;;;;
10/18/2018;;0;;;;0;;;12603075,55;;;;;0,00000000;;1400,341728;0.18 %;(0.30 %);44.96 %;45.14 %;;;;
;;;;;;;;;;;;;;;;;;;;;;;;
10/19/2018;;0;;;;0;;;12607992,69;;;;;0,00000000;;1400,888077;0.03 %;(0.26 %);45.01 %;45.19 %;;;;
10/22/2018;;0;;;;0;;;12572289,06;;;;;0,00000000;;1396,921007;(0.28 %);(0.54 %);44.60 %;44.78 %;;;;
10/23/2018;;0;;;;0;;;12583228,37;;;;;0,00000000;;1398,136486;0.08 %;(0.45 %);44.73 %;44.91 %;;;;
;;;;;;;;;;;;;;;;;;;;;;;;
10/24/2018;;0;;;;0;;;12577380,99;;;;;0,00000000;;1397,486777;(0.04 %);(0.50 %);44.66 %;44.84 %;;;;
;;;;;;;;;;;;;;;;;;;;;;;;
10/25/2018;;0;;;;0;;;12570963,71;;;;;0,00000000;;1396,773746;(0.05 %);(0.55 %);44.59 %;44.77 %;;;;
;;;;;;;;;;;;;;;;;;;;;;;;
10/26/2018;;0;;;;0;;;12567009,19;;;;;0,00000000;;1396,334354;(0.03 %);(0.58 %);44.54 %;44.72 %;;;;
;;;;;;;;;;;;;;;;;;;;;;;;
10/29/2018;;0;;;;0;;;12518429,17;;;;;0,00000000;;1390,936574;(0.38 %);(0.97 %);43.98 %;44.16 %;;;;
;;;;;;;;;;;;;;;;;;;;;;;;
10/30/2018;;0;;;;0;;;12512643,78;;;;;0,00000000;;1390,293753;(0.04 %);(1.01 %);43.92 %;44.09 %;;;;
;;;;;;;;;;;;;;;;;;;;;;;;
10/31/2018;;0;;;;0;;;12535646,9;;;;;0,00000000;;1392,849656;0.18 %;(0.83 %);44.18 %;44.36 %;;;;
11/01/2018;;0;;;;0;;;12528461,91;;;;;0,00000000;;1392,051323;(0.05 %);(0.05 %);44.10 %;44.28 %;;;;
;;;;;;;;;;;;;;;;;;;;;;;;
11/05/2018;;0;;;;0;;;12463212,94;;;;;0,00000000;;1384,801438;(0.52 %);(0.57 %);43.35 %;43.53 %;;;;
;;;;;;;;;;;;;;;;;;;;;;;;
11/06/2018;;0;;;;0;;;12462091,3;;;;;0,00000000;;1384,676811;0.00 %;(0.58 %);43.33 %;43.51 %;;;;
;;;;;;;;;;;;;;;;;;;;;;;;
11/07/2018;;0;;;;0;;;12455179,15;;;;;0,00000000;;1383,908794;(0.05 %);(0.64 %);43.25 %;43.43 %;;;;
;;;;;;;;;;;;;;;;;;;;;;;;
11/08/2018;;0;;;;0;;;12450368,75;;;;;0,00000000;;1383,374306;(0.03 %);(0.68 %);43.20 %;43.38 %;;;;
;;;;;;;;;;;;;;;;;;;;;;;;
11/09/2018;;0;;;;0;;;12441963,05;;;;;0,00000000;;1382,440339;(0.06 %);(0.74 %);43.10 %;43.28 %;;;;
;;;;;;;;;;;;;;;;;;;;;;;;
11/12/2018;;0;;;;0;;;12533986,89;;;;;0,00000000;;1392,66521;0.73 %;(0.01 %);44.16 %;44.34 %;;;;
11/13/2018;;0;;;;0;;;12510551,49;;;;;0,00000000;;1390,061277;(0.18 %);(0.20 %);43.89 %;44.07 %;;;;
;;;;;;;;;;;;;;;;;;;;;;;;
11/14/2018;;0;;;;0;;;12504699,15;;;;;0,00000000;;1389,411017;(0.04 %);(0.24 %);43.82 %;44.00 %;;;;
;;;;;;;;;;;;;;;;;;;;;;;;
11/16/2018;;0;;;;0;;;12484805,57;;;;;0,00000000;;1387,200619;(0.15 %);(0.40 %);43.60 %;43.77 %;;;;
;;;;;;;;;;;;;;;;;;;;;;;;
11/19/2018;;0;;;;0;;;12429633,23;;;;;0,00000000;;1381,070359;(0.44 %);(0.84 %);42.96 %;43.14 %;;;;
;;;;;;;;;;;;;;;;;;;;;;;;
11/20/2018;;0;;;;0;;;12415967,77;;;;;0,00000000;;1379,551974;(0.10 %);(0.95 %);42.80 %;42.98 %;;;;
;;;;;;;;;;;;;;;;;;;;;;;;
11/21/2018;;0;;;;0;;;12404591,57;;;;;0,00000000;;1378,287952;(0.09 %);(1.04 %);42.67 %;42.85 %;;;;
;;;;;;;;;;;;;;;;;;;;;;;;
11/22/2018;;0;;;;0;;;12401369;;;;;0,00000000;;1377,929889;(0.02 %);(1.07 %);42.64 %;42.81 %;;;;
11/23/2018;;0;;;;0;;;12394391,87;;;;;0,00000000;;1377,154652;(0.05 %);(1.12 %);42.56 %;42.73 %;;;;
;;;;;;;;;;;;;;;;;;;;;;;;
11/26/2018;;0;;;;0;;;12343703,3;;;;;0,00000000;;1371,522589;(0.40 %);(1.53 %);41.97 %;42.15 %;;;;
;;;;;;;;;;;;;;;;;;;;;;;;
11/27/2018;;0;;;;0;;;12359242,68;;;;;0,00000000;;1373,249187;0.12 %;(1.40 %);42.15 %;42.33 %;;;;
;;;;;;;;;;;;;;;;;;;;;;;;
11/28/2018;;0;;;;0;;;12386418,67;;;;;0,00000000;;1376,268741;0.21 %;(1.19 %);42.46 %;42.64 %;;;;
;;;;;;;;;;;;;;;;;;;;;;;;
11/29/2018;;0;;;;0;;;12375540,95;;;;;0,00000000;;1375,060106;(0.08 %);(1.27 %);42.34 %;42.52 %;;;;
;;;;;;;;;;;;;;;;;;;;;;;;
11/30/2018;;0;;;;0;;;12360343,75;;;;;0,00000000;;1373,371528;(0.12 %);(1.39 %);42.16 %;42.34 %;;;;
;;;;;;;;;;;;;;;;;;;;;;;;
12/03/2018;;0;;;;0;;;12297489,16;;;;;0,00000000;;1366,387684;(0.50 %);(0.50 %);41.44 %;41.62 %;;;;
12/04/2018;;0;;;;0;;;12277775,66;;;;;0,00000000;;1364,197296;(0.16 %);(0.66 %);41.21 %;41.39 %;;;;
;;;;;;;;;;;;;;;;;;;;;;;;
12/05/2018;;0;;;;0;;;12259877,98;;;;;0,00000000;;1362,208664;(0.14 %);(0.81 %);41.01 %;41.18 %;;;;
;;;;;;;;;;;;;;;;;;;;;;;;
12/06/2018;;0;;;;0;;;12240976,08;;;;;0,00000000;;1360,108453;(0.15 %);(0.96 %);40.79 %;40.97 %;;;;
;;;;;;;;;;;;;;;;;;;;;;;;
12/07/2018;;0;;;;0;;;12220702,23;;;;;0,00000000;;1357,855803;(0.16 %);(1.12 %);40.56 %;40.73 %;;;;
;;;;;;;;;;;;;;;;;;;;;;;;
12/10/2018;;0;;;;0;;;12148294,98;;;;;0,00000000;;1349,810553;(0.59 %);(1.71 %);39.72 %;39.90 %;;;;
;;;;;;;;;;;;;;;;;;;;;;;;
12/11/2018;;0;;;;0;;;12133680,52;;;;;0,00000000;;1348,186724;(0.12 %);(1.83 %);39.56 %;40.45 %;;;;
;;;;;;;;;;;;;;;;;;;;;;;;
12/12/2018;;0;;;;0;;;12115137,69;;;;;0,00000000;;1346,12641;(0.15 %);(1.98 %);39.34 %;40.34 %;;;;
12/13/2018;;0;;;;0;;;13344649,94;;;;;0,00000000;;1482,738882;10.14 %;7.96 %;53.48 %;50.83 %;;;;
;;;;;;;;;;;;;;;;;;;;;;;;
12/14/2018;;0;;;;0;;;13341252,33;;;;;0,00000000;;1482,36137;(0.02 %);7.93 %;53.45 %;50.94 %;;;;
;;;;;;;;;;;;;;;;;;;;;;;;
12/17/2018;;0;;;;0;;;13308972,01;;;;;0,00000000;;1478,774668;(0.24 %);7.67 %;53.07 %;50.73 %;;;;
;;;;;;;;;;;;;;;;;;;;;;;;
12/18/2018;;0;;;;0;;;13299788,62;;;;;0,00000000;;1477,754291;(0.06 %);7.60 %;52.97 %;51.25 %;;;;
;;;;;;;;;;;;;;;;;;;;;;;;
12/19/2018;;0;;;;0;;;13291093,76;;;;;0,00000000;;1476,788196;(0.06 %);7.53 %;52.87 %;51.21 %;;;;
;;;;;;;;;;;;;;;;;;;;;;;;
12/20/2018;;0;;;;0;;;13364097,55;;;;;0,00000000;;1484,899728;0.54 %;8.12 %;53.71 %;52.14 %;;;;
;;;;;;;;;;;;;;;;;;;;;;;;
12/21/2018;;0;;;;0;;;13355431,93;;;;;0,00000000;;1483,936881;(0.06 %);8.05 %;53.61 %;52.19 %;;;;
12/24/2018;;0;;;;0;;;13307571,58;;;;;0,00000000;;1478,619064;(0.35 %);7.66 %;53.06 %;51.75 %;;;;
12/26/2018;;0;;;;0;;;13322037,91;;;;;0,00000000;;1480,226434;0.10 %;7.78 %;53.22 %;52.85 %;;;;
;;;;;;;;;;;;;;;;;;;;;;;;
12/27/2018;;0;;;;0;;;13317182,37;;;;;0,00000000;;1479,68693;(0.03 %);7.74 %;53.17 %;52.87 %;;;;
;;;;;;;;;;;;;;;;;;;;;;;;
12/28/2018;;0;;;;0;;;13306575,95;;;;;0,00000000;;1478,508439;(0.07 %);7.65 %;53.05 %;52.99 %;;;;
;;;;;;;;;;;;;;;;;;;;;;;;
12/31/2018;;0;;;;0;;;13251874,22;;;;;0,00000000;;1472,430469;(0.41 %);7.21 %;52.42 %;52.42 %;;;;
;;;;;;;;;;;;;;;;;;;;;;;;
01/02/2019;;0;;;;0;;;13222194,7;;;;;0,00000000;;1469,132744;(0.22 %);(0.22 %);(0.22 %);52.41 %;;;;
;;;;;;;;;;;;;;;;;;;;;;;;
01/03/2019;;0;;;;0;;;13209559,05;;;;;0,00000000;;1467,728783;(0.09 %);(0.31 %);(0.31 %);52.32 %;;;;
01/04/2019;;0;;;;0;;;13201986,83;;;;;0,00000000;;1466,887426;(0.05 %);(0.37 %);(0.37 %);52.03 %;;;;
01/07/2019;;0;;;;0;;;13294866,77;;;;;0,00000000;;1477,207419;0.70 %;0.32 %;0.32 %;52.94 %;;;;
;;;;;;;;;;;;;;;;;;;;;;;;
01/08/2019;;0;;;;0;;;13315876,7;;;;;0,00000000;;1479,541856;0.15 %;0.48 %;0.48 %;53.23 %;;;;
;;;;;;;;;;;;;;;;;;;;;;;;
01/09/2019;;0;;;;0;;;13357402,63;;;;;0,00000000;;1484,155848;0.31 %;0.79 %;0.79 %;53.69 %;;;;
;;;;;;;;;;;;;;;;;;;;;;;;
01/10/2019;;0;;;;0;;;13353059,01;;;;;0,00000000;;1483,673223;(0.03 %);0.76 %;0.76 %;53.53 %;;;;
;;;;;;;;;;;;;;;;;;;;;;;;
01/11/2019;;0;;;;0;;;13358031,93;;;;;0,00000000;;1484,22577;0.03 %;0.80 %;0.80 %;53.59 %;;;;
;;;;;;;;;;;;;;;;;;;;;;;;
01/14/2019;;0;;;;0;;;13335759,52;;;;;0,00000000;;1481,751058;(0.16 %);0.63 %;0.63 %;53.34 %;;;;
01/15/2019;;0;;;;0;;;13333177,33;;;;;0,00000000;;1481,464148;(0.01 %);0.61 %;0.61 %;53.42 %;;;;
01/16/2019;;0;;;;0;;;13347844,55;;;;;0,00000000;;1483,093839;0.11 %;0.72 %;0.72 %;53.47 %;;;;
;;;;;;;;;;;;;;;;;;;;;;;;
01/17/2019;;0;;;;0;;;13346398,89;;;;;0,00000000;;1482,93321;(0.01 %);0.71 %;0.71 %;53.32 %;;;;
;;;;;;;;;;;;;;;;;;;;;;;;
01/18/2019;;0;;;;0;;;13349934,33;;;;;0,00000000;;1483,326037;0.02 %;0.73 %;0.73 %;53.30 %;;;;
;;;;;;;;;;;;;;;;;;;;;;;;
01/21/2019;;0;;;;0;;;13332766,84;;;;;0,00000000;;1481,418538;(0.12 %);0.61 %;0.61 %;52.64 %;;;;
;;;;;;;;;;;;;;;;;;;;;;;;
01/22/2019;;0;;;;0;;;13360433,2;;;;;0,00000000;;1484,492578;0.20 %;0.81 %;0.81 %;51.66 %;;;;
;;;;;;;;;;;;;;;;;;;;;;;;
01/23/2019;;0;;;;0;;;13425164,81;;;;;0,00000000;;1491,684979;0.48 %;1.30 %;1.30 %;51.20 %;;;;
01/24/2019;;0;;;;0;;;13425868,01;;;;;0,00000000;;1491,763112;0.00 %;1.31 %;1.31 %;49.58 %;;;;
01/25/2019;;0;;;;0;;;13478118,17;;;;;0,00000000;;1497,568686;0.38 %;1.70 %;1.70 %;50.08 %;;;;
;;;;;;;;;;;;;;;;;;;;;;;;
01/28/2019;;0;;;;0;;;13465095,48;;;;;0,00000000;;1496,12172;(0.09 %);1.60 %;1.60 %;49.50 %;;;;
;;;;;;;;;;;;;;;;;;;;;;;;
01/29/2019;;0;;;;0;;;13470151,27;;;;;0,00000000;;1496,683474;0.03 %;1.64 %;1.64 %;49.60 %;;;;
;;;;;;;;;;;;;;;;;;;;;;;;
01/30/2019;;0;;;;0;;;13499657,19;;;;;0,00000000;;1499,96191;0.21 %;1.86 %;1.86 %;48.10 %;;;;
;;;;;;;;;;;;;;;;;;;;;;;;
01/31/2019;;0;;;;0;;;13516242,06;;;;;0,00000000;;1501,804673;0.12 %;1.99 %;1.99 %;47.30 %;;;;
;;;;;;;;;;;;;;;;;;;;;;;;
02/01/2019;;0;;;;0;;;13572195,41;;;;;0,00000000;;1508,021712;0.41 %;0.41 %;2.41 %;47.84 %;;;;
02/04/2019;;0;;;;0;;;13557518,85;;;;;0,00000000;;1506,390983;(0.10 %);0.30 %;2.30 %;47.62 %;;;;
02/05/2019;;0;;;;0;;;13559247,06;;;;;0,00000000;;1506,583007;0.01 %;0.31 %;2.31 %;47.78 %;;;;
;;;;;;;;;;;;;;;;;;;;;;;;
02/06/2019;;0;;;;0;;;13576503,6;;;;;0,00000000;;1508,5004;0.12 %;0.44 %;2.44 %;47.95 %;;;;
;;;;;;;;;;;;;;;;;;;;;;;;
02/07/2019;;0;;;;0;;;13581048,12;;;;;0,00000000;;1509,005347;0.03 %;0.47 %;2.48 %;47.93 %;;;;
;;;;;;;;;;;;;;;;;;;;;;;;
02/08/2019;;0;;;;0;;;13588437,16;;;;;0,00000000;;1509,826351;0.05 %;0.53 %;2.53 %;47.95 %;;;;
;;;;;;;;;;;;;;;;;;;;;;;;
02/11/2019;;0;;;;0;;;13634048,77;;;;;0,00000000;;1514,894308;0.33 %;0.87 %;2.88 %;48.39 %;;;;
;;;;;;;;;;;;;;;;;;;;;;;;
02/12/2019;;0;;;;0;;;13637418,92;;;;;0,00000000;;1515,268769;0.02 %;0.89 %;2.90 %;48.43 %;;;;
02/13/2019;;0;;;;0;;;13643885,51;;;;;0,00000000;;1515,987279;0.04 %;0.94 %;2.95 %;48.50 %;;;;
02/14/2019;;0;;;;0;;;13640998,21;;;;;0,00000000;;1515,666468;(0.02 %);0.92 %;2.93 %;48.94 %;;;;
;;;;;;;;;;;;;;;;;;;;;;;;
02/15/2019;;0;;;;0;;;13641220,71;;;;;0,00000000;;1515,69119;0.00 %;0.92 %;2.93 %;48.92 %;;;;
;;;;;;;;;;;;;;;;;;;;;;;;
02/18/2019;;0;;;;0;;;13575753,36;;;;;0,00000000;;1508,41704;(0.47 %);0.44 %;2.44 %;47.69 %;;;;
;;;;;;;;;;;;;;;;;;;;;;;;
02/19/2019;;0;;;;0;;;13562651,87;;;;;0,00000000;;1506,961319;(0.09 %);0.34 %;2.34 %;47.80 %;;;;
;;;;;;;;;;;;;;;;;;;;;;;;
02/20/2019;;0;;;;0;;;13547637,77;;;;;0,00000000;;1505,293086;(0.11 %);0.23 %;2.23 %;47.67 %;;;;
;;;;;;;;;;;;;;;;;;;;;;;;
02/21/2019;;0;;;;0;;;13532582,3;;;;;0,00000000;;1503,620256;(0.11 %);0.12 %;2.11 %;47.43 %;;;;
02/22/2019;;0;;;;0;;;13517516,97;;;;;0,00000000;;1501,94633;(0.11 %);0.00 %;2.00 %;47.24 %;;;;
02/25/2019;;0;;;;0;;;13451851,81;;;;;0,00000000;;1494,650201;(0.48 %);(0.47 %);1.50 %;46.50 %;;;;
;;;;;;;;;;;;;;;;;;;;;;;;
02/26/2019;;0;;;;0;;;13434200,12;;;;;0,00000000;;1492,688902;(0.13 %);(0.60 %);1.37 %;46.87 %;;;;
;;;;;;;;;;;;;;;;;;;;;;;;
02/27/2019;;0;;;;0;;;13443849,93;;;;;0,00000000;;1493,761103;0.07 %;(0.53 %);1.44 %;46.97 %;;;;
;;;;;;;;;;;;;;;;;;;;;;;;
02/28/2019;;0;;;;0;;;13422258,25;;;;;0,00000000;;1491,362028;(0.16 %);(0.69 %);1.28 %;46.88 %;;;;
;;;;;;;;;;;;;;;;;;;;;;;;
03/01/2019;;0;;;;0;;;13367249,47;;;;;0,00000000;;1485,249941;(0.40 %);(0.40 %);0.87 %;46.36 %;;;;
;;;;;;;;;;;;;;;;;;;;;;;;
03/06/2019;;0;;;;0;;;13075526,63;;;;;0,00000000;;1452,836292;(2.18 %);(2.58 %);(1.33 %);42.33 %;;;;
03/07/2019;;0;;;;0;;;13022688,13;;;;;0,00000000;;1446,965348;(0.40 %);(2.97 %);(1.72 %);41.69 %;;;;
03/08/2019;;0;;;;0;;;12973748,92;;;;;0,00000000;;1441,527658;(0.37 %);(3.34 %);(2.09 %);40.80 %;;;;
;;;;;;;;;;;;;;;;;;;;;;;;
03/11/2019;;0;;;;0;;;12799643,39;;;;;0,00000000;;1422,182599;(1.34 %);(4.63 %);(3.41 %);38.87 %;;;;
;;;;;;;;;;;;;;;;;;;;;;;;
03/12/2019;;0;;;;0;;;12746944,17;;;;;0,00000000;;1416,32713;(0.41 %);(5.03 %);(3.81 %);38.44 %;;;;
;;;;;;;;;;;;;;;;;;;;;;;;
03/13/2019;;0;;;;0;;;12703644,69;;;;;0,00000000;;1411,516077;(0.33 %);(5.35 %);(4.13 %);37.86 %;;;;
;;;;;;;;;;;;;;;;;;;;;;;;
03/14/2019;;0;;;;0;;;12651145,81;;;;;0,00000000;;1405,682868;(0.41 %);(5.74 %);(4.53 %);37.26 %;;;;
;;;;;;;;;;;;;;;;;;;;;;;;
03/15/2019;;0;;;;0;;;12604163,09;;;;;0,00000000;;1400,462566;(0.37 %);(6.09 %);(4.88 %);36.64 %;;;;
03/18/2019;;0;;;;0;;;12460836,4;;;;;0,00000000;;1384,537378;(1.13 %);(7.16 %);(5.96 %);34.97 %;;;;
03/19/2019;;0;;;;0;;;12429285,73;;;;;0,00000000;;1381,031748;(0.25 %);(7.39 %);(6.20 %);34.54 %;;;;
;;;;;;;;;;;;;;;;;;;;;;;;
03/20/2019;;0;;;;0;;;12403884,82;;;;;0,00000000;;1378,209424;(0.20 %);(7.58 %);(6.39 %);31.33 %;;;;
;;;;;;;;;;;;;;;;;;;;;;;;
03/21/2019;;0;;;;0;;;12376487,77;;;;;0,00000000;;1375,165308;(0.22 %);(7.79 %);(6.60 %);30.73 %;;;;
;;;;;;;;;;;;;;;;;;;;;;;;
03/22/2019;;0;;;;0;;;12343743,72;;;;;0,00000000;;1371,52708;(0.26 %);(8.03 %);(6.85 %);30.26 %;;;;
;;;;;;;;;;;;;;;;;;;;;;;;
03/25/2019;;0;;;;0;;;12276135,12;;;;;0,00000000;;1364,015013;(0.54 %);(8.53 %);(7.36 %);29.42 %;;;;
;;;;;;;;;;;;;;;;;;;;;;;;
03/26/2019;;0;;;;0;;;12378202,27;;;;;0,00000000;;1375,355808;0.83 %;(7.77 %);(6.59 %);30.42 %;;;;
03/27/2019;;0;;;;0;;;12337226,43;;;;;0,00000000;;1370,802937;(0.33 %);(8.08 %);(6.90 %);29.84 %;;;;
03/28/2019;;0;;;;0;;;12287977,83;;;;;0,00000000;;1365,33087;(0.39 %);(8.45 %);(7.27 %);29.15 %;;;;
;;;;;;;;;;;;;;;;;;;;;;;;
03/29/2019;;0;;;;0;;;12244442,59;;;;;0,00000000;;1360,493621;(0.35 %);(8.77 %);(7.60 %);28.45 %;;;;
;;;;;;;;;;;;;;;;;;;;;;;;
04/01/2019;;0;;;;0;;;12172341,44;;;;;0,00000000;;1352,482382;(0.58 %);(0.58 %);(8.14 %);27.70 %;;;;
;;;;;;;;;;;;;;;;;;;;;;;;
04/02/2019;;0;;;;0;;;12194319,17;;;;;0,00000000;;1354,924352;0.18 %;(0.40 %);(7.98 %);27.76 %;;;;
;;;;;;;;;;;;;;;;;;;;;;;;
04/03/2019;;0;;;;0;;;12192614,75;;;;;0,00000000;;1354,734972;(0.01 %);(0.42 %);(7.99 %);27.61 %;;;;
;;;;;;;;;;;;;;;;;;;;;;;;
04/04/2019;;0;;;;0;;;12175857,9;;;;;0,00000000;;1352,8731;(0.13 %);(0.56 %);(8.11 %);27.31 %;;;;
04/05/2019;;0;;;;0;;;12158080,14;;;;;0,00000000;;1350,897793;(0.14 %);(0.70 %);(8.25 %);27.02 %;;;;
04/08/2019;;0;;;;0;;;12092706,84;;;;;0,00000000;;1343,634093;(0.53 %);(1.23 %);(8.74 %);26.21 %;;;;
;;;;;;;;;;;;;;;;;;;;;;;;
04/09/2019;;0;;;;0;;;12076959,84;;;;;0,00000000;;1341,884427;(0.13 %);(1.36 %);(8.86 %);26.08 %;;;;
;;;;;;;;;;;;;;;;;;;;;;;;
04/10/2019;;0;;;;0;;;12049530,85;;;;;0,00000000;;1338,836761;(0.22 %);(1.59 %);(9.07 %);25.73 %;;;;
;;;;;;;;;;;;;;;;;;;;;;;;
04/11/2019;;0;;;;0;;;12035708,88;;;;;0,00000000;;1337,300987;(0.11 %);(1.70 %);(9.17 %);25.41 %;;;;
;;;;;;;;;;;;;;;;;;;;;;;;
04/12/2019;;0;;;;0;;;12004423,68;;;;;0,00000000;;1333,824853;(0.25 %);(1.96 %);(9.41 %);25.05 %;;;;
;;;;;;;;;;;;;;;;;;;;;;;;
04/15/2019;;0;;;;0;;;11907105,56;;;;;0,00000000;;1323,011729;(0.81 %);(2.75 %);(10.14 %);23.98 %;;;;
04/16/2019;;0;;;;0;;;11904468,72;;;;;0,00000000;;1322,718747;(0.02 %);(2.77 %);(10.16 %);24.16 %;;;;
04/17/2019;;0;;;;0;;;11886353,54;;;;;0,00000000;;1320,705949;(0.15 %);(2.92 %);(10.30 %);3.99 %;;;;
;;;;;;;;;;;;;;;;;;;;;;;;
04/18/2019;;0;;;;0;;;11854289;;;;;0,00000000;;1317,143222;(0.26 %);(3.18 %);(10.54 %);3.00 %;;;;
;;;;;;;;;;;;;;;;;;;;;;;;
04/22/2019;;0;;;;0;;;11940589,06;;;;;0,00000000;;1326,732118;0.72 %;(2.48 %);(9.89 %);3.42 %;;;;
;;;;;;;;;;;;;;;;;;;;;;;;
04/23/2019;;0;;;;0;;;11935707,58;;;;;0,00000000;;1326,189731;(0.04 %);(2.52 %);(9.93 %);3.40 %;;;;
;;;;;;;;;;;;;;;;;;;;;;;;
04/24/2019;;0;;;;0;;;11905426,52;;;;;0,00000000;;1322,825169;(0.25 %);(2.76 %);(10.16 %);3.10 %;;;;
;;;;;;;;;;;;;;;;;;;;;;;;
04/25/2019;;0;;;;0;;;12146632,72;;;;;0,00000000;;1349,625858;2.02 %;(0.79 %);(8.34 %);5.20 %;;;;
04/26/2019;;0;;;;0;;;12148999,28;;;;;0,00000000;;1349,888809;0.01 %;(0.77 %);(8.32 %);6.40 %;;;;
04/29/2019;;0;;;;0;;;12145365,24;;;;;0,00000000;;1349,485027;(0.02 %);(0.80 %);(8.34 %);6.28 %;;;;
;;;;;;;;;;;;;;;;;;;;;;;;
04/30/2019;;0;;;;0;;;12145842,68;;;;;0,00000000;;1349,538076;0.00 %;(0.80 %);(8.34 %);6.36 %;;;;
;;;;;;;;;;;;;;;;;;;;;;;;
05/02/2019;;0;;;;0;;;12105356,2;;;;;0,00000000;;1345,039578;(0.33 %);(0.33 %);(8.65 %);5.97 %;;;;
;;;;;;;;;;;;;;;;;;;;;;;;
05/03/2019;;0;;;;0;;;12094407,66;;;;;0,00000000;;1343,823073;(0.09 %);(0.42 %);(8.73 %);5.87 %;;;;
;;;;;;;;;;;;;;;;;;;;;;;;
05/06/2019;;0;;;;0;;;12030782,62;;;;;0,00000000;;1336,753624;(0.52 %);(0.94 %);(9.21 %);5.32 %;;;;
;;;;;;;;;;;;;;;;;;;;;;;;
05/07/2019;;0;;;;0;;;12016185,88;;;;;0,00000000;;1335,131764;(0.12 %);(1.06 %);(9.32 %);5.35 %;;;;
;;;;;;;;;;;;;;;;;;;;;;;;
05/08/2019;;0;;;;0;;;12000783,17;;;;;0,00000000;;1333,420352;(0.12 %);(1.19 %);(9.44 %);5.23 %;;;;
05/09/2019;;0;;;;0;;;11958867,7;;;;;0,00000000;;1328,763078;(0.34 %);(1.53 %);(9.75 %);4.86 %;;;;
;;;;;;;;;;;;;;;;;;;;;;;;
05/10/2019;;0;;;;0;;;11957279,22;;;;;0,00000000;;1328,58658;(0.01 %);(1.55 %);(9.76 %);5.07 %;;;;
;;;;;;;;;;;;;;;;;;;;;;;;
05/13/2019;;0;;;;0;;;11954814,64;;;;;0,00000000;;1328,312738;(0.02 %);(1.57 %);(9.78 %);3.53 %;;;;
;;;;;;;;;;;;;;;;;;;;;;;;
05/14/2019;;0;;;;0;;;11947683,28;;;;;0,00000000;;1327,520364;(0.05 %);(1.63 %);(9.84 %);3.47 %;;;;
;;;;;;;;;;;;;;;;;;;;;;;;
05/15/2019;;0;;;;0;;;11955112,44;;;;;0,00000000;;1328,345827;0.06 %;(1.57 %);(9.78 %);3.46 %;;;;
;;;;;;;;;;;;;;;;;;;;;;;;
05/16/2019;;0;;;;0;;;11945733,89;;;;;0,00000000;;1327,303766;(0.07 %);(1.64 %);(9.85 %);3.33 %;;;;
;;;;;;;;;;;;;;;;;;;;;;;;
05/17/2019;;0;;;;0;;;11941258,48;;;;;0,00000000;;1326,806498;(0.03 %);(1.68 %);(9.89 %);3.32 %;;;;
05/20/2019;;0;;;;0;;;11883790,75;;;;;0,00000000;;1320,421194;(0.48 %);(2.15 %);(10.32 %);2.80 %;;;;
;;;;;;;;;;;;;;;;;;;;;;;;
05/21/2019;;0;;;;0;;;11878221,2;;;;;0,00000000;;1319,802356;(0.04 %);(2.20 %);(10.36 %);2.96 %;;;;
;;;;;;;;;;;;;;;;;;;;;;;;
05/22/2019;;0;;;;0;;;11863383,69;;;;;0,00000000;;1318,153743;(0.12 %);(2.32 %);(10.47 %);2.84 %;;;;
;;;;;;;;;;;;;;;;;;;;;;;;
05/23/2019;;0;;;;0;;;11853529,54;;;;;0,00000000;;1317,058838;(0.08 %);(2.40 %);(10.55 %);2.81 %;;;;
;;;;;;;;;;;;;;;;;;;;;;;;
05/24/2019;;0;;;;0;;;11847920,77;;;;;0,00000000;;1316,435641;(0.04 %);(2.45 %);(10.59 %);2.85 %;;;;
;;;;;;;;;;;;;;;;;;;;;;;;
05/27/2019;;0;;;;0;;;11814374,11;;;;;0,00000000;;1312,708234;(0.28 %);(2.72 %);(10.84 %);2.59 %;;;;
;;;;;;;;;;;;;;;;;;;;;;;;
05/28/2019;;0;;;;0;;;11801125,02;;;;;0,00000000;;1311,236113;(0.11 %);(2.83 %);(10.94 %);2.68 %;;;;
05/29/2019;;0;;;;0;;;11786690,15;;;;;0,00000000;;1309,632239;(0.12 %);(2.95 %);(11.05 %);2.62 %;;;;
;;;;;;;;;;;;;;;;;;;;;;;;
05/30/2019;;0;;;;0;;;11846644,66;;;;;0,00000000;;1316,293851;0.50 %;(2.46 %);(10.60 %);3.16 %;;;;
;;;;;;;;;;;;;;;;;;;;;;;;
05/31/2019;;0;;;;0;;;11839835,05;;;;;0,00000000;;1315,537228;(0.05 %);(2.51 %);(10.65 %);3.10 %;;;;
;;;;;;;;;;;;;;;;;;;;;;;;
06/03/2019;;0;;;;0;;;11799239,61;;;;;0,00000000;;1311,026623;(0.34 %);(0.34 %);(10.96 %);2.99 %;;;;
;;;;;;;;;;;;;;;;;;;;;;;;
06/04/2019;;0;;;;0;;;11810487,85;;;;;0,00000000;;1312,276428;0.09 %;(0.24 %);(10.87 %);3.36 %;;;;
;;;;;;;;;;;;;;;;;;;;;;;;
06/05/2019;;0;;;;0;;;11854122,19;;;;;0,00000000;;1317,124688;0.36 %;0.12 %;(10.54 %);3.82 %;;;;
;;;;;;;;;;;;;;;;;;;;;;;;
06/06/2019;;0;;;;0;;;11837876,13;;;;;0,00000000;;1315,31957;(0.13 %);(0.01 %);(10.67 %);2.78 %;;;;
06/07/2019;;0;;;;0;;;11819435,77;;;;;0,00000000;;1313,270641;(0.15 %);(0.17 %);(10.80 %);2.66 %;;;;
;;;;;;;;;;;;;;;;;;;;;;;;
06/10/2019;;0;;;;0;;;11737738,14;;;;;0,00000000;;1304,193127;(0.69 %);(0.86 %);(11.42 %);1.11 %;;;;
;;;;;;;;;;;;;;;;;;;;;;;;
06/11/2019;;0;;;;0;;;11724965,77;;;;;0,00000000;;1302,773974;(0.10 %);(0.97 %);(11.52 %);1.15 %;;;;
;;;;;;;;;;;;;;;;;;;;;;;;
06/12/2019;;0;;;;0;;;11732107,77;;;;;0,00000000;;1303,56753;0.06 %;(0.90 %);(11.46 %);1.24 %;;;;
;;;;;;;;;;;;;;;;;;;;;;;;
06/13/2019;;0;;;;0;;;11720593,42;;;;;0,00000000;;1302,288158;(0.09 %);(1.00 %);(11.55 %);0.66 %;;;;
;;;;;;;;;;;;;;;;;;;;;;;;
06/14/2019;;0;;;;0;;;11699975,76;;;;;0,00000000;;1299,997307;(0.17 %);(1.18 %);(11.71 %);0.50 %;;;;
;;;;;;;;;;;;;;;;;;;;;;;;
06/17/2019;;0;;;;0;;;11622956,96;;;;;0,00000000;;1291,439662;(0.65 %);(1.83 %);(12.29 %);(0.16 %);;;;
06/18/2019;;0;;;;0;;;11609001,21;;;;;0,00000000;;1289,889023;(0.12 %);(1.94 %);(12.39 %);(0.04 %);;;;
;;;;;;;;;;;;;;;;;;;;;;;;
06/19/2019;;0;;;;0;;;11592682,44;;;;;0,00000000;;1288,075827;(0.14 %);(2.08 %);(12.52 %);(0.15 %);;;;
;;;;;;;;;;;;;;;;;;;;;;;;
06/21/2019;;0;;;;0;;;11542770;;;;;0,00000000;;1282,53;(0.43 %);(2.50 %);(12.89 %);(1.23 %);;;;
;;;;;;;;;;;;;;;;;;;;;;;;
06/24/2019;;0;;;;0;;;11497786,05;;;;;0,00000000;;1277,531783;(0.38 %);(2.88 %);(13.23 %);(1.60 %);;;;
;;;;;;;;;;;;;;;;;;;;;;;;
06/25/2019;;0;;;;0;;;11477028,23;;;;;0,00000000;;1275,225359;(0.18 %);(3.06 %);(13.39 %);(1.65 %);;;;
;;;;;;;;;;;;;;;;;;;;;;;;
06/26/2019;;0;;;;0;;;11458659,73;;;;;0,00000000;;1273,184414;(0.16 %);(3.21 %);(13.53 %);(1.99 %);;;;
;;;;;;;;;;;;;;;;;;;;;;;;
06/27/2019;;0;;;;0;;;11443580,52;;;;;0,00000000;;1271,508947;(0.13 %);(3.34 %);(13.64 %);(2.18 %);;;;
06/28/2019;;0;;;;0;;;11425232,03;;;;;0,00000000;;1269,470226;(0.16 %);(3.50 %);(13.78 %);(2.48 %);;;;
07/01/2019;;0;;;;0;;;11355679,6;;;;;0,00000000;;1261,742178;(0.60 %);(0.60 %);(14.30 %);(3.31 %);;;;
;;;;;;;;;;;;;;;;;;;;;;;;
07/02/2019;;0;;;;0;;;11403627,72;;;;;0,00000000;;1267,069747;0.42 %;(0.18 %);(13.94 %);(2.73 %);;;;
;;;;;;;;;;;;;;;;;;;;;;;;
07/03/2019;;0;;;;0;;;11394124,4;;;;;0,00000000;;1266,013822;(0.08 %);(0.27 %);(14.01 %);(2.85 %);;;;
;;;;;;;;;;;;;;;;;;;;;;;;
07/04/2019;;0;;;;0;;;11381755,82;;;;;0,00000000;;1264,639536;(0.10 %);(0.38 %);(14.11 %);(2.93 %);;;;
;;;;;;;;;;;;;;;;;;;;;;;;
07/05/2019;;0;;;;0;;;11371725,58;;;;;0,00000000;;1263,525064;(0.08 %);(0.46 %);(14.18 %);(3.06 %);;;;
;;;;;;;;;;;;;;;;;;;;;;;;
07/08/2019;;0;;;;0;;;11335955,62;;;;;0,00000000;;1259,550624;(0.31 %);(0.78 %);(14.45 %);(3.31 %);;;;
07/09/2019;;0;;;;0;;;11327188,15;;;;;0,00000000;;1258,576461;(0.07 %);(0.85 %);(14.52 %);(3.09 %);;;;
07/10/2019;;0;;;;0;;;11332310,37;;;;;0,00000000;;1259,145597;0.04 %;(0.81 %);(14.48 %);(3.07 %);;;;
;;;;;;;;;;;;;;;;;;;;;;;;
07/11/2019;;0;;;;0;;;11341588,58;;;;;0,00000000;;1260,176509;0.08 %;(0.73 %);(14.41 %);(2.93 %);;;;
;;;;;;;;;;;;;;;;;;;;;;;;
07/12/2019;;0;;;;0;;;11406215,11;;;;;0,00000000;;1267,357234;0.56 %;(0.16 %);(13.92 %);(2.49 %);;;;
;;;;;;;;;;;;;;;;;;;;;;;;
07/15/2019;;0;;;;0;;;11369911,37;;;;;0,00000000;;1263,323486;(0.31 %);(0.48 %);(14.20 %);(2.88 %);;;;
;;;;;;;;;;;;;;;;;;;;;;;;
07/16/2019;;0;;;;0;;;11932285,3;;;;;0,00000000;;1325,809478;4.94 %;4.43 %;(9.95 %);2.09 %;;;;
;;;;;;;;;;;;;;;;;;;;;;;;
07/17/2019;;0;;;;0;;;11938370,75;;;;;0,00000000;;1326,485639;0.05 %;4.49 %;(9.91 %);2.07 %;;;;
07/18/2019;;0;;;;0;;;11935732,23;;;;;0,00000000;;1326,19247;(0.02 %);4.46 %;(9.93 %);2.05 %;;;;
07/19/2019;;0;;;;0;;;11923625,05;;;;;0,00000000;;1324,847228;(0.10 %);4.36 %;(10.02 %);2.00 %;;;;
;;;;;;;;;;;;;;;;;;;;;;;;
07/22/2019;;0;;;;0;;;11896209,54;;;;;0,00000000;;1321,80106;(0.22 %);4.12 %;(10.22 %);1.80 %;;;;
;;;;;;;;;;;;;;;;;;;;;;;;
07/23/2019;;0;;;;0;;;11897456,06;;;;;0,00000000;;1321,939562;0.01 %;4.13 %;(10.22 %);2.10 %;;;;
;;;;;;;;;;;;;;;;;;;;;;;;
07/24/2019;;0;;;;0;;;11895220,35;;;;;0,00000000;;1321,69115;(0.01 %);4.11 %;(10.23 %);2.03 %;;;;
;;;;;;;;;;;;;;;;;;;;;;;;
07/25/2019;;0;;;;0;;;11987935,28;;;;;0,00000000;;1331,992809;0.77 %;4.92 %;(9.53 %);2.82 %;;;;
;;;;;;;;;;;;;;;;;;;;;;;;
07/26/2019;;0;;;;0;;;11864002,32;;;;;0,00000000;;1318,22248;(1.03 %);3.84 %;(10.47 %);1.80 %;;;;
07/29/2019;;0;;;;0;;;11356631,72;;;;;0,00000000;;1261,847969;(4.27 %);(0.60 %);(14.30 %);(2.88 %);;;;
07/30/2019;;0;;;;0;;;11351690,65;;;;;0,00000000;;1261,298961;(0.04 %);(0.64 %);(14.33 %);(3.31 %);;;;
;;;;;;;;;;;;;;;;;;;;;;;;
07/31/2019;;0;;;;0;;;11368804,27;;;;;0,00000000;;1263,200474;0.15 %;(0.49 %);(14.20 %);(3.19 %);;;;
;;;;;;;;;;;;;;;;;;;;;;;;
08/01/2019;;0;;;;0;;;11343953,14;;;;;0,00000000;;1260,439238;(0.21 %);(0.21 %);(14.39 %);(3.38 %);;;;
;;;;;;;;;;;;;;;;;;;;;;;;
08/02/2019;;0;;;;0;;;11302934,73;;;;;0,00000000;;1255,881637;(0.36 %);(0.57 %);(14.70 %);(4.21 %);;;;
;;;;;;;;;;;;;;;;;;;;;;;;
08/05/2019;;0;;;;0;;;11275159,59;;;;;0,00000000;;1252,79551;(0.24 %);(0.82 %);(14.91 %);(4.91 %);;;;
;;;;;;;;;;;;;;;;;;;;;;;;
08/06/2019;;0;;;;0;;;11288101,43;;;;;0,00000000;;1254,233492;0.11 %;(0.70 %);(14.81 %);(4.65 %);;;;
08/07/2019;;0;;;;0;;;11258948,41;;;;;0,00000000;;1250,994268;(0.25 %);(0.96 %);(15.03 %);(4.91 %);;;;
08/08/2019;;0;;;;0;;;11263448,03;;;;;0,00000000;;1251,494226;0.03 %;(0.92 %);(15.00 %);(4.84 %);;;;
;;;;;;;;;;;;;;;;;;;;;;;;
08/09/2019;;0;;;;0;;;11230435,56;;;;;0,00000000;;1247,826173;(0.29 %);(1.21 %);(15.25 %);(5.12 %);;;;
;;;;;;;;;;;;;;;;;;;;;;;;
08/12/2019;;0;;;;0;;;11228012,18;;;;;0,00000000;;1247,556909;(0.02 %);(1.23 %);(15.27 %);(5.14 %);;;;
;;;;;;;;;;;;;;;;;;;;;;;;
08/13/2019;;0;;;;0;;;11229435,86;;;;;0,00000000;;1247,715096;0.01 %;(1.22 %);(15.26 %);(4.98 %);;;;
;;;;;;;;;;;;;;;;;;;;;;;;
08/14/2019;;0;;;;0;;;11204472,35;;;;;0,00000000;;1244,941372;(0.22 %);(1.44 %);(15.44 %);(5.45 %);;;;
;;;;;;;;;;;;;;;;;;;;;;;;
08/15/2019;;0;;;;0;;;11192776,28;;;;;0,00000000;;1243,641809;(0.10 %);(1.54 %);(15.53 %);(5.58 %);;;;
08/16/2019;;0;;;;0;;;11093998,56;;;;;0,00000000;;1232,666507;(0.88 %);(2.41 %);(16.28 %);(6.43 %);;;;
08/19/2019;;0;;;;0;;;11054864,58;;;;;0,00000000;;1228,318287;(0.35 %);(2.76 %);(16.57 %);(6.74 %);;;;
;;;;;;;;;;;;;;;;;;;;;;;;
08/20/2019;;0;;;;0;;;11038638,13;;;;;0,00000000;;1226,515348;(0.14 %);(2.90 %);(16.70 %);(6.77 %);;;;
;;;;;;;;;;;;;;;;;;;;;;;;
08/21/2019;;0;;;;0;;;11047313,45;;;;;0,00000000;;1227,479272;0.07 %;(2.82 %);(16.63 %);(6.84 %);;;;
;;;;;;;;;;;;;;;;;;;;;;;;
08/22/2019;;0;;;;0;;;11015214,05;;;;;0,00000000;;1223,912672;(0.29 %);(3.11 %);(16.87 %); - ;;;;
;;;;;;;;;;;;;;;;;;;;;;;;
08/23/2019;;0;;;;0;;;10989029,15;;;;;0,00000000;;1221,003239;(0.23 %);(3.34 %);(17.07 %);(7.51 %);;;;
;;;;;;;;;;;;;;;;;;;;;;;;
08/26/2019;;0;;;;0;;;11046211,33;;;;;0,00000000;;1227,356814;0.52 %;(2.83 %);(16.64 %);(6.98 %);;;;
08/27/2019;;0;;;;0;;;10988815,15;;;;;0,00000000;;1220,979461;(0.51 %);(3.34 %);(17.07 %);(7.31 %);;;;
08/28/2019;;0;;;;0;;;10851868,95;;;;;0,00000000;;1205,763217;(1.24 %);(4.54 %);(18.11 %);(8.43 %);;;;
;;;;;;;;;;;;;;;;;;;;;;;;
08/29/2019;;0;;;;0;;;10930321,32;;;;;0,00000000;;1214,480147;0.72 %;(3.85 %);(17.51 %);(7.78 %);;;;
;;;;;;;;;;;;;;;;;;;;;;;;
08/30/2019;;0;;;;0;;;10941249,03;;;;;9.000,00000000;;1215,694337;0.09 %;(3.76 %);(17.43 %);(7.59 %);;;;
;;;;;;;;;;;;;;;;;;;;;;;;
09/02/2019;;0;;;;0;;;11392496,94;;;;;9.000,00000000;;1265,832993;4.12 %;4.12 %;(14.03 %);(3.77 %);;;;
;;;;;;;;;;;;;;;;;;;;;;;;
09/03/2019;;0;;;;0;;;11387454,9;;;;;9.000,00000000;;1265,272767;(0.04 %);4.07 %;(14.06 %);(3.51 %);;;;
;;;;;;;;;;;;;;;;;;;;;;;;
09/04/2019;;0;;;;0;;;11383162,24;;;;;9.000,00000000;;1264,795804;(0.03 %);4.03 %;(14.10 %);(3.72 %);;;;
09/05/2019;;0;;;;0;;;11483653,6;;;;;9.000,00000000;;1275,961511;0.88 %;4.95 %;(13.34 %);(2.91 %);;;;
09/06/2019;;0;;;;0;;;11448599,22;;;;;9.000,00000000;;1272,06658;(0.30 %);4.63 %;(13.60 %);(3.38 %);;;;
;;;;;;;;;;;;;;;;;;;;;;;;
09/09/2019;;0;;;;0;;;11443677,19;;;;;9.000,00000000;;1271,519688;(0.04 %);4.59 %;(13.64 %);(3.42 %);;;;
;;;;;;;;;;;;;;;;;;;;;;;;
09/10/2019;;0;;;;0;;;11485463,99;;;;;9.000,00000000;;1276,162666;0.36 %;4.97 %;(13.32 %);(3.11 %);;;;
;;;;;;;;;;;;;;;;;;;;;;;;
09/11/2019;;0;;;;0;;;11524150,09;;;;;9.000,00000000;;1280,461121;0.33 %;5.32 %;(13.03 %);(2.74 %);;;;
;;;;;;;;;;;;;;;;;;;;;;;;
09/12/2019;;0;;;;0;;;11513342,33;;;;;9.000,00000000;;1279,260259;(0.09 %);5.22 %;(13.11 %);(2.69 %);;;;
;;;;;;;;;;;;;;;;;;;;;;;;
09/13/2019;;0;;;;0;;;11554479,26;;;;;9.000,00000000;;1283,831029;0.35 %;5.60 %;(12.80 %);(2.51 %);;;;
09/16/2019;;0;;;;0;;;12432415,08;;;;;9.000,00000000;;1381,379453;7.59 %;13.62 %;(6.18 %);4.89 %;;;;
09/17/2019;;0;;;;0;;;12566007,64;;;;;9.000,00000000;;1396,223071;1.07 %;14.84 %;(5.17 %);5.44 %;;;;
;;;;;;;;;;;;;;;;;;;;;;;;
09/18/2019;;0;;;;0;;;12564757,86;;;;;9.000,00000000;;1396,084207;0.00 %;14.83 %;(5.18 %);5.31 %;;;;
;;;;;;;;;;;;;;;;;;;;;;;;
09/19/2019;;0;;;;0;;;12557605,47;;;;;9.000,00000000;;1395,289497;(0.05 %);14.77 %;(5.23 %);5.00 %;;;;
;;;;;;;;;;;;;;;;;;;;;;;;
09/20/2019;;0;;;;0;;;12607257,25;;;;;9.000,00000000;;1400,806361;0.39 %;15.22 %;(4.86 %);5.45 %;;;;
;;;;;;;;;;;;;;;;;;;;;;;;
09/23/2019;;0;;;;0;;;12570216,11;;;;;9.000,00000000;;1396,690679;(0.29 %);14.88 %;(5.14 %);5.10 %;;;;
;;;;;;;;;;;;;;;;;;;;;;;;
09/24/2019;;0;;;;0;;;12639975,06;;;;;9.000,00000000;;1404,441673;0.55 %;15.52 %;(4.61 %);5.88 %;;;;
09/25/2019;;0;;;;0;;;12684677,13;;;;;9.000,00000000;;1409,40857;0.35 %;15.93 %;(4.28 %);6.02 %;;;;
09/26/2019;;0;;;;0;;;12666695,14;;;;;9.000,00000000;;1407,410571;(0.14 %);15.77 %;(4.41 %);5.87 %;;;;
;;;;;;;;;;;;;;;;;;;;;;;;
09/27/2019;;0;;;;0;;;12608364,75;;;;;9.000,00000000;;1400,929417;(0.46 %);15.23 %;(4.85 %);(0.07 %);;;;
;;;;;;;;;;;;;;;;;;;;;;;;
09/30/2019;;0;;;;0;;;13301016,4;;;;;9.000,00000000;;1477,890711;5.49 %;21.56 %;0.37 %;5.22 %;;;;
;;;;;;;;;;;;;;;;;;;;;;;;
10/01/2019;;0;;;;0;;;13422521,84;;;;;9.000,00000000;;1491,391316;0.91 %;0.91 %;1.28 %;6.35 %;;;;
;;;;;;;;;;;;;;;;;;;;;;;;
10/02/2019;;0;;;;0;;;13437881,11;;;;;9.000,00000000;;1493,097901;0.11 %;1.02 %;1.40 %;6.46 %;;;;
;;;;;;;;;;;;;;;;;;;;;;;;
10/03/2019;;0;;;;0;;;13447537,39;;;;;9.000,00000000;;1494,170821;0.07 %;1.10 %;1.47 %;6.50 %;;;;
10/04/2019;;0;;;;0;;;13272922,78;;;;;9.000,00000000;;1474,769198;(1.29 %);(0.21 %);0.15 %;5.04 %;;;;
10/07/2019;;0;;;;0;;;12925401,63;;;;;9.000,00000000;;1436,155737;(2.61 %);(2.82 %);(2.46 %);2.26 %;;;;
;;;;;;;;;;;;;;;;;;;;;;;;
10/08/2019;;0;;;;0;;;13153185,52;;;;;9.000,00000000;;1461,465058;1.76 %;(1.11 %);(0.74 %);4.23 %;;;;
;;;;;;;;;;;;;;;;;;;;;;;;
10/09/2019;;0;;;;0;;;12964488,75;;;;;9.000,00000000;;1440,49875;(1.43 %);(2.53 %);(2.16 %);2.64 %;;;;
;;;;;;;;;;;;;;;;;;;;;;;;
10/10/2019;;0;;;;0;;;12858458,68;;;;;9.000,00000000;;1428,717631;(0.81 %);(3.32 %);(2.96 %);1.82 %;;;;
;;;;;;;;;;;;;;;;;;;;;;;;
10/11/2019;;0;;;;0;;;9546219,21;;;;;9.000,00000000;;1060,691023;(25.75 %);(28.22 %);(27.96 %);(24.39 %);;;;
;;;;;;;;;;;;;;;;;;;;;;;;
10/14/2019;;0;;;;0;;;8440465,62;;;;;9.000,00000000;;937,8295133;(11.58 %);(36.54 %);(36.30 %);(33.15 %);;;;
10/15/2019;;0;;;;0;;;9173812,68;;;;;9.000,00000000;;1019,31252;8.68 %;(31.02 %);(30.77 %);(27.07 %);;;;
10/16/2019;;0;;;;0;;;9105280,16;;;;;9.000,00000000;;1011,697796;(0.74 %);(31.54 %);(31.29 %);(27.66 %);;;;
;;;;;;;;;;;;;;;;;;;;;;;;
10/17/2019;;0;;;;0;;;8334092,26;;;;;9.000,00000000;;926,0102511;(8.46 %);(37.34 %);(37.11 %);(33.75 %);;;;
;;;;;;;;;;;;;;;;;;;;;;;;
10/18/2019;;0;;;;0;;;8669264,29;;;;;9.000,00000000;;963,2515878;4.02 %;(34.82 %);(34.58 %);(31.21 %);;;;
;;;;;;;;;;;;;;;;;;;;;;;;
10/21/2019;;0;;;;0;;;8386391,55;;;;;9.000,00000000;;931,8212833;(3.26 %);(36.94 %);(36.71 %);(33.48 %);;;;
;;;;;;;;;;;;;;;;;;;;;;;;
10/22/2019;;0;;;;0;;;8275556,9;;;;;9.000,00000000;;919,5063222;(1.32 %);(37.78 %);(37.55 %);(34.18 %);;;;
;;;;;;;;;;;;;;;;;;;;;;;;
10/23/2019;;0;;;;0;;;8255884,85;;;;;9.000,00000000;;917,3205389;(0.23 %);(37.93 %);(37.70 %);(34.39 %);;;;
10/24/2019;;0;;;;0;;;8127039,9;;;;;9.000,00000000;;903,0044333;(1.56 %);(38.89 %);(38.67 %);(35.38 %);;;;
10/25/2019;;0;;;;0;;;7988355,12;;;;;9.000,00000000;;887,5950133;(1.70 %);(39.94 %);(39.71 %);(36.45 %);;;;
;;;;;;;;;;;;;;;;;;;;;;;;
10/28/2019;;0;;;;0;;;13202936,13;;;;;9.000,00000000;;1466,992903;65.27 %;(0.73 %);(0.36 %);5.06 %;;;;
;;;;;;;;;;;;;;;;;;;;;;;;
10/29/2019;;0;;;;0;;;12903337,25;;;;;9.000,00000000;;1433,704139;(2.26 %);(2.98 %);(2.63 %);3.07 %;;;;
;;;;;;;;;;;;;;;;;;;;;;;;
10/30/2019;;0;;;;0;;;13944221,15;;;;;9.000,00000000;;1549,357906;8.06 %;4.83 %;5.22 %;11.44 %;;;;
;;;;;;;;;;;;;;;;;;;;;;;;
10/31/2019;;0;;;;0;;;13945000,2;;;;;9.000,00000000;;1549,444467;0.00 %;4.84 %;5.23 %;11.24 %;;;;
;;;;;;;;;;;;;;;;;;;;;;;;
11/01/2019;;0;;;;0;;;13668958,03;;;;;9.000,00000000;;1518,773114;(1.97 %);(1.97 %);3.14 %;9.10 %;;;;
;;;;;;;;;;;;;;;;;;;;;;;;
11/04/2019;;0;;;;0;;;13997734,15;;;;;9.000,00000000;;1555,303794;2.40 %;0.37 %;5.62 %;11.73 %;;;;
11/05/2019;;0;;;;0;;;14228493,56;;;;;9.000,00000000;;1580,943729;1.64 %;2.03 %;7.36 %;14.16 %;;;;
;;;;;;;;;;;;;;;;;;;;;;;;
11/06/2019;;0;;;;0;;;14137287,8;;;;;9.000,00000000;;1570,809756;(0.64 %);1.37 %;6.68 %;13.44 %;;;;
;;;;;;;;;;;;;;;;;;;;;;;;
11/07/2019;;0;;;;0;;;14134224,98;;;;;9.000,00000000;;1570,469442;(0.02 %);1.35 %;6.65 %;13.48 %;;;;
;;;;;;;;;;;;;;;;;;;;;;;;
11/08/2019;;0;;;;0;;;14100408,62;;;;;9.000,00000000;;1566,712069;(0.23 %);1.11 %;6.40 %;13.25 %;;;;
;;;;;;;;;;;;;;;;;;;;;;;;
11/11/2019;;0;;;;0;;;13903965,54;;;;;9.000,00000000;;1544,88506;(1.39 %);(0.29 %);4.92 %;11.75 %;;;;
;;;;;;;;;;;;;;;;;;;;;;;;
11/12/2019;;0;;;;0;;;13992797,42;;;;;9.000,00000000;;1554,755269;0.63 %;0.34 %;5.59 %;11.64 %;;;;
;;;;;;;;;;;;;;;;;;;;;;;;
11/13/2019;;0;;;;0;;;14256058,22;;;;;9.000,00000000;;1584,006469;1.88 %;2.23 %;7.57 %;13.95 %;;;;
11/14/2019;;0;;;;0;;;14222782,93;;;;;9.000,00000000;;1580,309214;(0.23 %);1.99 %;7.32 %;13.74 %;;;;
;;;;;;;;;;;;;;;;;;;;;;;;
11/18/2019;;0;;;;0;;;14237684,04;;;;;9.000,00000000;;1581,964893;0.10 %;2.09 %;7.43 %;14.04 %;;;;
;;;;;;;;;;;;;;;;;;;;;;;;
11/19/2019;;0;;;;0;;;13754647,11;;;;;9.000,00000000;;1528,294123;(3.39 %);(1.36 %);3.79 %;10.66 %;;;;
;;;;;;;;;;;;;;;;;;;;;;;;
11/20/2019;;0;;;;0;;;14019150,19;;;;;9.000,00000000;;1557,683354;1.92 %;0.53 %;5.78 %;12.91 %;;;;
;;;;;;;;;;;;;;;;;;;;;;;;
11/21/2019;;0;;;;0;;;13393731,28;;;;;9.000,00000000;;1488,192364;(4.46 %);(3.95 %);1.07 %;7.97 %;;;;
;;;;;;;;;;;;;;;;;;;;;;;;
11/22/2019;;0;;;;0;;;13569904,43;;;;;9.000,00000000;;1507,767159;1.31 %;(2.68 %);2.39 %;9.42 %;;;;
;;;;;;;;;;;;;;;;;;;;;;;;
11/25/2019;;0;;;;0;;;13600850,4;;;;;9.000,00000000;;1511,2056;0.22 %;(2.46 %);2.63 %;9.73 %;;;;
11/26/2019;;0;;;;0;;;13914048,74;;;;;9.000,00000000;;1546,005416;2.30 %;(0.22 %);4.99 %;12.72 %;;;;
;;;;;;;;;;;;;;;;;;;;;;;;
11/27/2019;;0;;;;0;;;14491272,87;;;;;9.000,00000000;;1610,14143;4.14 %;3.91 %;9.35 %;17.25 %;;;;
;;;;;;;;;;;;;;;;;;;;;;;;
11/28/2019;;0;;;;0;;;14491392,03;;;;;9.000,00000000;;1610,15467;0.00 %;3.91 %;9.35 %;16.99 %;;;;
;;;;;;;;;;;;;;;;;;;;;;;;
11/29/2019;;0;;;;0;;;14259681,03;;;;;9.000,00000000;;1584,409003;(1.59 %);2.25 %;7.60 %;15.22 %;;;;
;;;;;;;;;;;;;;;;;;;;;;;;
12/02/2019;;0;;;;0;;;14529871,92;;;;;9.000,00000000;;1614,430213;1.89 %;1.89 %;9.64 %;17.55 %;;;;
;;;;;;;;;;;;;;;;;;;;;;;;
12/03/2019;;0;;;;0;;;14728299,23;;;;;9.000,00000000;;1636,477692;1.36 %;3.28 %;11.14 %;19.77 %;;;;
;;;;;;;;;;;;;;;;;;;;;;;;
12/04/2019;;0;;;;0;;;14631852,14;;;;;9.000,00000000;;1625,761349;(0.65 %);2.60 %;10.41 %;19.17 %;;;;
12/05/2019;;0;;;;0;;;14930423,96;;;;;9.000,00000000;;1658,935996;2.04 %;4.70 %;12.66 %;21.78 %;;;;
;;;;;;;;;;;;;;;;;;;;;;;;
12/06/2019;;0;;;;0;;;14767753,21;;;;;9.000,00000000;;1640,861468;(1.08 %);3.56 %;11.43 %;20.64 %;;;;
;;;;;;;;;;;;;;;;;;;;;;;;
12/09/2019;;0;;;;0;;;14846825,76;;;;;9.000,00000000;;1649,647307;0.53 %;4.11 %;12.03 %;21.49 %;;;;
;;;;;;;;;;;;;;;;;;;;;;;;
12/10/2019;;0;;;;0;;;14781790,19;;;;;9.000,00000000;;1642,421132;(0.43 %);3.66 %;11.54 %;21.68 %;;;;
;;;;;;;;;;;;;;;;;;;;;;;;
12/11/2019;;0;;;;0;;;14990188,15;;;;;9.000,00000000;;1665,576461;1.40 %;5.12 %;13.11 %;23.54 %;;;;
;;;;;;;;;;;;;;;;;;;;;;;;
12/12/2019;;0;;;;0;;;14669524,91;;;;;9.000,00000000;;1629,947212;(2.13 %);2.87 %;10.69 %;21.08 %;;;;
;;;;;;;;;;;;;;;;;;;;;;;;
12/13/2019;;0;;;;0;;;13803332,21;;;;;9.000,00000000;;1533,703579;(5.90 %);(3.20 %);4.16 %;3.44 %;;;;
12/16/2019;;0;;;;0;;;14764914,21;;;;;9.000,00000000;;1640,546023;6.96 %;3.54 %;11.41 %;10.67 %;;;;
;;;;;;;;;;;;;;;;;;;;;;;;
12/17/2019;;0;;;;0;;;15082567,33;;;;;9.000,00000000;;1675,840814;2.15 %;5.77 %;13.81 %;13.33 %;;;;
;;;;;;;;;;;;;;;;;;;;;;;;
12/18/2019;;0;;;;0;;;14987474,19;;;;;9.000,00000000;;1665,27491;(0.63 %);5.10 %;13.09 %;12.69 %;;;;
;;;;;;;;;;;;;;;;;;;;;;;;
12/19/2019;;0;;;;0;;;15917014,71;;;;;9.000,00000000;;1768,55719;6.20 %;11.62 %;20.11 %;19.76 %;;;;
;;;;;;;;;;;;;;;;;;;;;;;;
12/20/2019;;0;;;;0;;;15877304,34;;;;;9.000,00000000;;1764,144927;(0.24 %);11.34 %;19.81 %;18.81 %;;;;
;;;;;;;;;;;;;;;;;;;;;;;;
12/23/2019;;0;;;;0;;;15841184,75;;;;;9.000,00000000;;1760,131639;(0.22 %);11.09 %;19.53 %;18.61 %;;;;
;;;;;;;;;;;;;;;;;;;;;;;;
12/24/2019;;0;;;;0;;;15848530,35;;;;;9.000,00000000;;1760,947817;0.04 %;11.14 %;19.59 %;19.09 %;;;;
12/26/2019;;0;;;;0;;;15919111,28;;;;;9.000,00000000;;1768,790142;0.44 %;11.63 %;20.12 %;19.49 %;;;;
12/27/2019;;0;;;;0;;;15799518,02;;;;;9.000,00000000;;1755,502002;(0.75 %);10.79 %;19.22 %;18.64 %;;;;
;;;;;;;;;;;;;;;;;;;;;;;;
12/30/2019;;0;;;;0;;;16068624,07;;;;;9.000,00000000;;1785,402674;1.70 %;12.68 %;21.25 %;20.76 %;;;;
;;;;;;;;;;;;;;;;;;;;;;;;
12/31/2019;;0;;;;0;;;16077234,1;;;;;9.000,00000000;;1786,359344;0.05 %;12.74 %;21.32 %;21.32 %;;;;
;;;;;;;;;;;;;;;;;;;;;;;;
01/02/2020;;0;;;;0;;;16907982,27;;;;;9.000,00000000;;1878,664697;5.16 %;5.16 %;5.16 %;27.88 %;;;;
;;;;;;;;;;;;;;;;;;;;;;;;
01/03/2020;;0;;;;0;;;16921959,77;;;;;9.000,00000000;;1880,217752;0.08 %;5.25 %;5.25 %;28.10 %;;;;
;;;;;;;;;;;;;;;;;;;;;;;;
01/06/2020;;0;;;;0;;;16594465,49;;;;;9.000,00000000;;1843,829499;(1.93 %);3.21 %;3.21 %;25.70 %;;;;
01/07/2020;;0;;;;0;;;16549223,38;;;;;9.000,00000000;;1838,802598;(0.27 %);2.93 %;2.93 %;24.48 %;;;;
01/08/2020;;0;;;;0;;;16252318,38;;;;;9.000,00000000;;1805,813153;(1.79 %);1.08 %;1.08 %;22.05 %;;;;
;;;;;;;;;;;;;;;;;;;;;;;;
01/09/2020;;0;;;;0;;;16263627,11;;;;;9.000,00000000;;1807,069679;0.06 %;1.15 %;1.15 %;21.76 %;;;;
;;;;;;;;;;;;;;;;;;;;;;;;
01/10/2020;;0;;;;0;;;16321374,8;;;;;9.000,00000000;;1813,486089;0.35 %;1.51 %;1.51 %;22.23 %;;;;
;;;;;;;;;;;;;;;;;;;;;;;;
01/13/2020;;0;;;;0;;;16339382,8;;;;;9.000,00000000;;1815,486978;0.11 %;1.63 %;1.63 %;22.32 %;;;;
;;;;;;;;;;;;;;;;;;;;;;;;
01/14/2020;;0;;;;0;;;16511673,7;;;;;9.000,00000000;;1834,630411;1.05 %;2.70 %;2.70 %;23.82 %;;;;
;;;;;;;;;;;;;;;;;;;;;;;;
01/15/2020;;0;;;;0;;;16525937,97;;;;;9.000,00000000;;1836,21533;0.08 %;2.79 %;2.79 %;23.95 %;;;;
01/16/2020;;0;;;;0;;;16586852,59;;;;;9.000,00000000;;1842,983621;0.36 %;3.16 %;3.16 %;24.27 %;;;;
01/17/2020;;0;;;;0;;;16514352,68;;;;;9.000,00000000;;1834,928076;(0.19 %);2.97 %;2.97 %;24.04 %;;;;
;;;;;;;;;;;;;;;;;;;;;;;;
01/20/2020;;0;;;;0;;;16550656,77;;;;;9.000,00000000;;1838,961863;(0.02 %);2.94 %;2.94 %;23.98 %;;;;
;;;;;;;;;;;;;;;;;;;;;;;;
01/21/2020;;0;;;;0;;;16515736,29;;;;;9.000,00000000;;1835,08181;(0.21 %);2.72 %;2.72 %;23.87 %;;;;
;;;;;;;;;;;;;;;;;;;;;;;;
01/22/2020;;0;;;;0;;;16486529,97;;;;;9.000,00000000;;1831,836663;(0.17 %);2.54 %;2.54 %;23.40 %;;;;
;;;;;;;;;;;;;;;;;;;;;;;;
01/23/2020;;0;;;;0;;;16529389,08;;;;;9.000,00000000;;1836,598787;0.25 %;2.81 %;2.81 %;23.12 %;;;;
;;;;;;;;;;;;;;;;;;;;;;;;
01/24/2020;;0;;;;0;;;16411749,44;;;;;9.000,00000000;;1823,527716;(0.71 %);2.08 %;2.08 %;22.24 %;;;;
01/27/2020;;0;;;;0;;;16439449,86;;;;;9.000,00000000;;1826,60554;0.16 %;2.25 %;2.25 %;21.97 %;;;;
01/28/2020;;0;;;;0;;;16450584,64;;;;;9.000,00000000;;1827,842738;0.06 %;2.32 %;2.32 %;22.17 %;;;;
;;;;;;;;;;;;;;;;;;;;;;;;
01/29/2020;;0;;;;0;;;16492139,92;;;;;9.000,00000000;;1832,459991;0.25 %;2.58 %;2.58 %;22.43 %;;;;
;;;;;;;;;;;;;;;;;;;;;;;;
01/30/2020;;0;;;;0;;;16504330,97;;;;;9.000,00000000;;1833,814552;0.07 %;2.65 %;2.65 %;22.26 %;;;;
;;;;;;;;;;;;;;;;;;;;;;;;
01/31/2020;;0;;;;0;;;16263274,57;;;;;9.000,00000000;;1807,030508;(1.46 %);1.15 %;1.15 %;20.32 %;;;;
;;;;;;;;;;;;;;;;;;;;;;;;
02/03/2020;;0;;;;0;;;16283953,14;;;;;9.000,00000000;;1809,328127;0.12 %;0.12 %;1.28 %;19.98 %;;;;
;;;;;;;;;;;;;;;;;;;;;;;;
02/04/2020;;0;;;;0;;;16228439,86;;;;;9.000,00000000;;1803,159984;(0.34 %);(0.21 %);0.94 %;19.70 %;;;;
02/05/2020;;0;;;;0;;;16239561,76;;;;;9.000,00000000;;1804,395751;0.06 %;(0.14 %);1.00 %;19.77 %;;;;
02/06/2020;;0;;;;0;;;16280670,32;;;;;9.000,00000000;;1808,963369;0.25 %;0.10 %;1.26 %;19.92 %;;;;
;;;;;;;;;;;;;;;;;;;;;;;;
02/07/2020;;0;;;;0;;;15615736,89;;;;;9.000,00000000;;1735,081877;(4.08 %);(3.98 %);(2.87 %);14.98 %;;;;
;;;;;;;;;;;;;;;;;;;;;;;;
02/10/2020;;0;;;;0;;;15653461,18;;;;;9.000,00000000;;1739,273464;0.24 %;(3.74 %);(2.63 %);15.20 %;;;;
;;;;;;;;;;;;;;;;;;;;;;;;
02/11/2020;;0;;;;0;;;15664004,93;;;;;9.000,00000000;;1740,444992;0.06 %;(3.68 %);(2.57 %);14.89 %;;;;
;;;;;;;;;;;;;;;;;;;;;;;;
02/12/2020;;0;;;;0;;;15620156,02;;;;;9.000,00000000;;1735,572891;(0.27 %);(3.95 %);(2.84 %);14.54 %;;;;
;;;;;;;;;;;;;;;;;;;;;;;;
02/13/2020;;0;;;;0;;;15624082,33;;;;;9.000,00000000;;1736,009148;0.02 %;(3.93 %);(2.81 %);14.51 %;;;;
02/14/2020;;0;;;;0;;;15657344,68;;;;;9.000,00000000;;1739,704964;0.21 %;(3.72 %);(2.61 %);14.78 %;;;;
02/17/2020;;0;;;;0;;;16433997,08;;;;;9.000,00000000;;1825,999676;4.96 %;1.04 %;2.21 %;20.47 %;;;;
;;;;;;;;;;;;;;;;;;;;;;;;
02/18/2020;;0;;;;0;;;16470204,94;;;;;9.000,00000000;;1830,022771;0.22 %;1.27 %;2.44 %;21.32 %;;;;
;;;;;;;;;;;;;;;;;;;;;;;;
02/19/2020;;0;;;;0;;;16492956,77;;;;;9.000,00000000;;1832,550752;0.13 %;1.41 %;2.58 %;21.61 %;;;;
;;;;;;;;;;;;;;;;;;;;;;;;
02/20/2020;;0;;;;0;;;16533835,6;;;;;9.000,00000000;;1837,092844;0.24 %;1.66 %;2.84 %;22.04 %;;;;
;;;;;;;;;;;;;;;;;;;;;;;;
02/21/2020;;0;;;;0;;;16526612,63;;;;;9.000,00000000;;1836,290292;(0.04 %);1.61 %;2.79 %;22.12 %;;;;
;;;;;;;;;;;;;;;;;;;;;;;;
02/26/2020;;0;;;;0;;;16542087,16;;;;;9.000,00000000;;1838,009684;0.09 %;1.71 %;2.89 %;23.13 %;;;;
02/27/2020;;0;;;;0;;;16439418,91;;;;;9.000,00000000;;1826,602101;(0.62 %);1.08 %;2.25 %;22.28 %;;;;
02/28/2020;;0;;;;0;;;16280953,26;;;;;9.000,00000000;;1808,994807;(0.96 %);0.10 %;1.26 %;21.30 %;;;;
;;;;;;;;;;;;;;;;;;;;;;;;
03/02/2020;;0;;;;0;;;16292668,14;;;;;9.000,00000000;;1810,29646;0.07 %;0.07 %;1.33 %;21.88 %;;;;
;;;;;;;;;;;;;;;;;;;;;;;;
03/03/2020;;0;;;;0;;;16219353,81;;;;;9.000,00000000;;1802,150423;(0.44 %);(0.37 %);0.88 %;21.34 %;;;;
;;;;;;;;;;;;;;;;;;;;;;;;
03/04/2020;;0;;;;0;;;15997570,51;;;;;9.000,00000000;;1777,507834;(1.36 %);(1.74 %);(0.49 %);19.68 %;;;;
;;;;;;;;;;;;;;;;;;;;;;;;
03/05/2020;;0;;;;0;;;15968934,18;;;;;9.000,00000000;;1774,32602;(0.17 %);(1.91 %);(0.67 %);19.46 %;;;;
;;;;;;;;;;;;;;;;;;;;;;;;
03/06/2020;;0;;;;0;;;0;;;;;9.000,00000000;;0;0.00 %;0.00 %;0.00 %;0.00 %;;;;
;;;;;;;;;;;;;;;;;;;;;;;;
